Big Star,#1 Record,1972,3.8,7375,Power Pop:,Folk Pop:,melodic:romantic:bittersweet:uplifting:summer:playful:optimistic:love:vocals:sentimental:warm:passionate:mellow:melancholic:,36:56
Tristan Perich,1-Bit Symphony,2015,3.39,311,Bit Music:Progressive Electronic:Post-Minimalism:,Post-Minimalism:Glitch:,repetitive:minimalistic:noisy:melodic:hypnotic:dense:,47:11
Melt Yourself Down,100% Yes,2020,3.32,668,Dance-Punk:Art Punk:Afrobeat:,Jazz-Rock:Post-Punk:Synth Punk:,avant-garde:energetic:vocals:eclectic:angry:serious:rhythmic:aggressive:protest:,
Jorane,16 mm,2000,3.55,71,Chamber Pop:Experimental:,Art Pop:Chamber Jazz:Ethereal Wave:Psychedelic Folk:Avant-Folk:Sound Poetry:,vocals:,
Whourkr,4247 Snare Drums,2012,3.19,217,Breakcore:Cybergrind:Death Metal:,Drum and Bass:Avant-Garde Metal:,aggressive:manic:surreal:mechanical:technical:vocals:chaotic:abstract:cryptic:noisy:rhythmic:sampling:avant-garde:futuristic:dissonant:heavy:,
Gustav Leonhardt,6 English Suites BWV 806-811,1995,3.82,68,Baroque Music:,,,96:35
Sugarhill Gang,8th Wonder,1981,3.22,190,Disco Rap:East Coast Hip Hop:Funk:,Disco:Soul:,energetic:boastful:party:playful:,36:34
Rainer Maria,A Better Version of Me,2001,3.45,274,Indie Rock:Emo:,Midwest Emo:,,42:01
Ronnie Von,A misteriosa luta do Reino de Parassempre contra o Império do Nuncamais,1969,3.35,101,Psychedelic Rock:Tropicália:,Psychedelic Pop:Baroque Pop:Chanson:,surreal:psychedelic:philosophical:romantic:space:summer:love:passionate:nature:lush:vocals:,36:18
Procol Harum,A Salty Dog,1969,3.68,1777,Progressive Rock:,Progressive Pop:Symphonic Prog:Blues Rock:Art Rock:,vocals:melodic:bittersweet:progressive:psychedelic:,40:35
Sparks,"A Steady Drip, Drip, Drip",2020,3.33,661,Art Pop:,Art Rock:Progressive Pop:Chamber Pop:Synthpop:,quirky:vocals:melodic:sarcastic:progressive:playful:,
Bloc Party,A Weekend in the City,2007,3.1,4461,Indie Rock:Post-Punk Revival:,Alternative Rock:,urban:conscious:anxious:political:romantic:energetic:vocals:angry:rhythmic:serious:album:nocturnal:melancholic:passionate:LGBT:pessimistic:anthemic:,51:27
Perigeo,Abbiamo tutti un blues da piangere,1973,3.7,289,Jazz Fusion:,Progressive Rock:Canterbury Scene:,progressive:improvisation:instrumental:playful:technical:passionate:melodic:atmospheric:vocals:complex:signatures:,44:05
Oneida,Absolute II,2011,2.73,151,Drone:Experimental:,,,40:16
Meat Beat Manifesto,Actual Sounds + Voices,1998,3.55,368,Breakbeat:,Big Beat:Illbient:Techno:Acid Techno:Dub:,urban:dark:vocals:sampling:energetic:psychedelic:rain:rhythmic:,72:57
Sister Iodine,ADN 115,1994,3.41,107,Noise Rock:Experimental Rock:No Wave:Noise:,,,33:55
Rykarda Parasol,Against the Sun,2013,3.44,119,Contemporary Folk:Singer/Songwriter:Gothic Country:,Gothic Country:,,
Angels of Light,Akron/Family &amp; Angels of Light,2005,3.33,831,Freak Folk:Folk Rock:,Avant-Folk:Psychedelic Folk:Alt-Country:Experimental Rock:,vocals:passionate:,54:35
Between the Buried and Me,Alaska,2005,3.51,3263,Metalcore:Progressive Metal:,Mathcore:Technical Death Metal:,technical:energetic:aggressive:vocals:progressive:signatures:complex:heavy:chaotic:eclectic:passionate:,53:50
2Pac,All Eyez on Me,1996,3.62,7305,West Coast Hip Hop:Gangsta Rap:G-Funk:,Pop Rap:G-Funk:,crime:urban:boastful:violence:aggressive:sampling:vocals:death:rhythmic:vulgar:energetic:rebellious:party:passionate:sexual:hedonistic:introspective:angry:love:conscious:,132:18
Vatista,All of These Rose Petals,2021,3.39,304,Atmospheric Drum and Bass:,Hardcore Breaks:Breakcore:Nightcore:,ethereal:winter:atmospheric:soothing:bittersweet:vocals:repetitive:sampling:melodic:,22:17
Thuja,All Strange Beasts of the Past,2002,3.35,130,Free Folk:,Drone:Field Recordings:Avant-Folk:,,39:46
Elvis Costello &amp; The Attractions,All This Useless Beauty,1996,3.36,664,Pop Rock:Singer/Songwriter:,Baroque Pop:,melodic:,48:14
Atoms for Peace,Amok,2013,3.23,4521,Glitch Pop:Art Pop:,IDM:Experimental Rock:,rhythmic:mechanical:melancholic:atmospheric:vocals:abstract:cold:,44:41
Marina,Ancient Dreams in a Modern Land,2021,3.18,1650,Pop:,Pop Rock:Dance-Pop:Singer/Songwriter:Electropop:New Wave:Alt-Pop:,vocals:conscious:political:ballad:lush:breakup:introspective:existential:love:passionate:melodic:,
William Elliott Whitmore,Animals in the Dark,2009,3.27,161,Alt-Country:,Americana:,,37:12
Grateful Dead,Anthem of the Sun,1968,3.52,3182,Psychedelic Rock:Jam Band:,Acid Rock:Experimental Rock:,psychedelic:improvisation:surreal:drugs:energetic:warm:vocals:mysterious:mellow:raw:,39:07
Foals,Antidotes,2008,3.43,4517,Dance-Punk:Indie Rock:Math Rock:,Post-Punk Revival:,energetic:rhythmic:vocals:technical:anxious:cryptic:complex:summer:quirky:playful:melodic:bittersweet:,46:48
Mitochondrion,Archaeaeon,2008,3.49,721,Technical Death Metal:,Black Metal:,abstract:suspenseful:heavy:dark:technical:occult:chaotic:ominous:epic:dense:aggressive:dissonant:complex:vocals:album:violence:raw:atmospheric:satanic:,71:31
Darkthrone,Arctic Thunder,2016,3.25,1489,Black Metal:Heavy Metal:,Doom Metal:,misanthropic:heavy:vocals:forest:dark:sombre:nocturnal:nature:cold:infernal:,39:23
Aretha Franklin,Aretha,1986,2.88,152,Pop Soul:Dance-Pop:,Contemporary R&amp;B:Adult Contemporary:,,45:23
Against Me!,As the Eternal Cowboy,2003,3.54,1316,Punk Rock:,,angry:anxious:protest:pessimistic:nihilistic:breakup:melodic:vocals:energetic:passionate:,25:02
Whitehouse,Asceticists 2006,2006,3.44,484,Power Electronics:,,aggressive:dark:misanthropic:vulgar:heavy:dissonant:noisy:vocals:rhythmic:hateful:mechanical:sexual:,28:44
William Elliott Whitmore,Ashes to Dust,2005,3.65,137,Alt-Country:Singer/Songwriter:,Americana:,,34:55
Blind Guardian,At the Edge of Time,2010,3.57,1903,Power Metal:,Symphonic Metal:Progressive Metal:,vocals:epic:fantasy:triumphant:progressive:melodic:energetic:medieval:,63:58
Enforced,At the Walls,2019,3.53,196,Crossover Thrash:Thrash Metal:,,vocals:heavy:rhythmic:aggressive:violence:,
Mouse on Mars,Autoditacker,1997,3.57,1240,IDM:,Dub:Ambient Techno:Jungle:Glitch:Drill and Bass:,warm:playful:mellow:complex:energetic:sampling:surreal:,63:40
Azra,Azra,1980,3.6,210,Post-Punk:,New Wave:Jangle Pop:Punk Rock:,,38:32
Phoenix,Bankrupt!,2013,3.16,2606,Indie Pop:Pop Rock:,Synthpop:,dense:vocals:love:melodic:bittersweet:lush:rhythmic:uplifting:energetic:playful:,40:33
Disturbed,Believe,2002,2.72,2452,Alternative Metal:Nu Metal:,,vocals:aggressive:heavy:melodic:introspective:rhythmic:energetic:dark:spiritual:bittersweet:passionate:,61:50
Enslaved,Below the Lights,2003,3.76,3006,Progressive Metal:Black Metal:,,progressive:vocals:atmospheric:dark:complex:heavy:melodic:mythology:mysterious:epic:sombre:cold:philosophical:aggressive:,46:16
Sparks,Big Beat,1976,3.22,708,Glam Rock:Art Pop:Power Pop:,New Wave:,playful:sarcastic:satirical:lush:energetic:uplifting:melodic:rhythmic:,35:30
Christina Aguilera,Bionic,2010,2.67,895,Electropop:Dance-Pop:,Contemporary R&amp;B:Electroclash:Synthpop:Adult Contemporary:,sexual:hedonistic:vocals:futuristic:mechanical:sarcastic:passionate:energetic:love:bittersweet:rhythmic:boastful:anthemic:playful:,59:28
Muse,Black Holes and Revelations,2006,3.38,13166,Alternative Rock:,Progressive Rock:Pop Rock:,epic:fiction:energetic:melodic:vocals:political:passionate:space:progressive:eclectic:futuristic:rebellious:war:bittersweet:,45:25
Nile,Black Seeds of Vengeance,2000,3.54,1912,Brutal Death Metal:Technical Death Metal:,Ancient Egyptian Music:,aggressive:technical:ominous:ritualistic:occult:mysterious:energetic:heavy:death:vocals:mythology:signatures:epic:serious:desert:,42:49
Gretchen Peters,Blackbirds,2015,3.5,96,Singer/Songwriter:Americana:,Country:,,49:30
Ophidian,Blackbox,2003,3.47,310,Gabber:Industrial Hardcore:,Schranz:Power Noise:Doomcore:,atmospheric:aggressive:noisy:dark:ominous:rhythmic:mechanical:chaotic:sampling:,65:57
Devil Sold His Soul,Blessed &amp; Cursed,2010,3.47,325,Post-Hardcore:,Atmospheric Sludge Metal:Post-Metal:,vocals:melodic:epic:passionate:dense:,
Type O Negative,Bloody Kisses,1993,3.72,5320,Gothic Metal:,Doom Metal:,sexual:satirical:vocals:dark:sensual:sarcastic:misanthropic:heavy:nocturnal:melodic:progressive:humorous:melancholic:,73:33
The Jayhawks,Blue Earth,1989,3.39,295,Alt-Country:Roots Rock:Americana:,,,42:47
Dope D.O.D.,Branded (Pandora's Box Edition),2011,3.24,139,Hardcore Hip Hop:,Dubstep:Horrorcore:Experimental Hip Hop:,boastful:vocals:dark:,58:48
Brazilian Girls,Brazilian Girls,2005,3.29,255,Alternative Dance:Electronic:,Indietronica:Downtempo:Electroclash:Lounge:Art Pop:,sensual:rhythmic:vocals:sexual:romantic:lush:,52:47
Drive-By Truckers,Brighter Than Creation's Dark,2008,3.63,868,Southern Rock:Country Rock:Alt-Country:,,alcohol:anxious:existential:sombre:bittersweet:vocals:energetic:passionate:aggressive:autumn:,75:10
Rita Lee,Build Up,1970,3.37,449,MPB:Psychedelic Pop:Baroque Pop:,Psychedelic Rock:Tropicália:Psychedelic Pop:,vocals:satirical:lush:sensual:sexual:psychedelic:melodic:playful:sarcastic:love:passionate:surreal:,30:43
Various Artists,Burundi: Musiques Traditionnelles,1988,3.5,124,African Folk Music:East African Music:,,,
Luther Vandross,Busy Body,1983,3.32,93,Smooth Soul:Contemporary R&amp;B:Boogie:,Synth Funk:,,41:20
The Buttertones,Buttertones,2013,3.41,229,Indie Rock:Post-Punk Revival:,Surf Rock:,summer:melodic:bittersweet:rhythmic:warm:mellow:vocals:love:,
Contortions,Buy,1979,3.67,4808,No Wave:,Dance-Punk:Funk:Jazz-Rock:,anxious:energetic:rhythmic:dissonant:manic:avant-garde:raw:sarcastic:hedonistic:urban:nihilistic:pessimistic:misanthropic:rebellious:vocals:aggressive:chaotic:quirky:abstract:,29:37
Artillery,By Inheritance,1990,3.88,2372,Thrash Metal:,Technical Thrash Metal:Speed Metal:,energetic:technical:melodic:political:angry:vocals:aggressive:pessimistic:,47:35
TTC,Bâtards sensibles,2004,3.04,150,French Hip Hop:Experimental Hip Hop:,Abstract Hip Hop:Electro:,,47:47
Bryan Ferry,Bête noire,1987,3.62,853,Sophisti-Pop:Pop Rock:Art Pop:,Adult Contemporary:Ambient Pop:,atmospheric:urban:vocals:nocturnal:romantic:autumn:party:melodic:sombre:love:sentimental:mysterious:sensual:longing:melancholic:,43:18
Twin Shadow,Caer,2018,2.88,357,Synthpop:New Wave:,Alternative R&amp;B:Art Pop:Dance-Pop:,sentimental:introspective:melodic:uplifting:bittersweet:vocals:anxious:,41:12
Caifanes,Caifanes Vol. 2 [El Diablito],1990,3.73,494,Alternative Rock:Post-Punk:,New Wave:Latin Alternative:,sombre:vocals:melancholic:melodic:atmospheric:cryptic:,45:43
TEMPOREX,Care,2016,2.9,738,Dream Pop:Bedroom Pop:Indietronica:,Hypnagogic Pop:Indie Pop:Sequencer &amp; Tracker:,soft:love:bittersweet:warm:mellow:calm:anxious:lonely:melodic:atmospheric:,19:56
William Basinski,Cascade,2015,3.41,1278,Ambient:Tape Music:Minimalism:,Drone:,repetitive:atmospheric:ethereal:instrumental:sparse:hypnotic:,76:21
Cerebral Ballzy,Cerebral Ballzy,2011,2.85,227,Hardcore Punk:Skate Punk:,,,
Sacred Spirit,Chants and Dances of the Native Americans,1994,3.31,157,New Age:Indigenous American Traditional Music:,Downtempo:Indigenous North American Music:,mellow:soothing:spiritual:,54:40
Ornette Coleman,Chappaqua Suite,1967,3.75,352,Free Jazz:,Third Stream:,avant-garde:improvisation:suite:instrumental:dissonant:acoustic:,79:11
Sybyr,Charleyhorse,2020,2.77,181,Trap:Cloud Rap:,Trap Metal:Cloud Rap:,rhythmic:dark:aggressive:vocals:,30:28
Christine and the Queens,Chris,2018,3.34,1236,Synthpop:Alt-Pop:,Synth Funk:Electropop:Alternative R&amp;B:French Pop:,LGBT:love:playful:sexual:boastful:vocals:vocals:passionate:sensual:energetic:mellow:melancholic:warm:party:summer:lush:,93:07
Chris Knight,Chris Knight,1998,3.7,119,Outlaw Country:Country Rock:,Americana:Red Dirt:Contemporary Country:,pastoral:,48:27
Foxy Brown,Chyna Doll,1999,2.48,121,East Coast Hip Hop:,Hardcore Hip Hop:,,61:23
Strapping Young Lad,City,1997,3.84,4693,Industrial Metal:,Thrash Metal:Progressive Metal:,aggressive:heavy:chaotic:dense:complex:misanthropic:mechanical:manic:vocals:angry:vulgar:Sound:pessimistic:energetic:apocalyptic:passionate:anxious:urban:noisy:futuristic:hateful:epic:rebellious:progressive:technical:nihilistic:atmospheric:,39:19
Takaakira Goto,Classical Punk and Echoes Under the Beauty,2015,3.37,71,Modern Classical:Post-Rock:,Ambient:Chamber Music:,,
DreamWeaver,Cloud9,2020,3.42,496,Atmospheric Drum and Bass:,Ambient:Liquid Drum and Bass:,ethereal:vocals:rhythmic:sampling:atmospheric:uplifting:soothing:lush:winter:cold:peaceful:energetic:aquatic:,25:53
Aim,Cold Water Music,1999,3.43,599,Trip Hop:Instrumental Hip Hop:,Boom Bap:Jazz Rap:,rhythmic:mellow:winter:urban:vocals:,49:57
J Balvin,Colores,2020,2.61,699,Reggaeton:Latin Pop:,Dancehall:Pop Rap:,party:summer:warm:vocals:energetic:rhythmic:happy:,28:52
Adam F,Colours,1997,3.51,389,Atmospheric Drum and Bass:,Nu Jazz:Jazzstep:Techstep:,nocturnal:atmospheric:,61:59
In Flames,Come Clarity,2006,3.1,3098,Melodic Death Metal:,Alternative Metal:Melodic Metalcore:,heavy:melodic:energetic:vocals:introspective:melancholic:dark:angry:passionate:aggressive:,47:55
Maya Jane Coles,Comfort,2013,3.26,255,Deep House:Tech House:,Trip Hop:,bittersweet:mellow:vocals:atmospheric:love:repetitive:,51:15
FrankMusik,Complete Me,2009,2.84,151,Dance-Pop:Electropop:,Synthpop:,,
Brygada Kryzys,Cosmopolis,1992,3.49,213,Post-Punk:Alternative Rock:,Punk Rock:Psychedelic Rock:Reggae:,vocals:cold:psychedelic:sombre:atmospheric:passionate:,73:41
Lightnin' Hopkins,Country Blues,1959,3.74,110,Acoustic Texas Blues:,,lo-fi:lonely:introspective:calm:melancholic:acoustic:pastoral:,42:07
Josh Rouse,Country Mouse City House,2007,3.33,221,Folk Pop:Singer/Songwriter:,,,38:30
Joni Mitchell,Court and Spark,1974,3.88,5706,Singer/Songwriter:Folk Pop:,Jazz Pop:Progressive Pop:,poetic:melodic:lush:vocals:acoustic:romantic:soft:introspective:love:mellow:bittersweet:longing:,36:52
Ten Years After,Cricklewood Green,1970,3.78,1357,Blues Rock:Psychedelic Rock:Hard Rock:,Jazz-Rock:,political:psychedelic:melodic:,37:57
Tim Blake,Crystal Machine,1977,3.53,257,Progressive Electronic:,Space Ambient:Berlin School:,mellow:sampling:space:progressive:atmospheric:sparse:ethereal:vocals:soothing:,38:00
David Allan Coe,D.A.C.,1982,3.12,21,Outlaw Country:,Truck Driving Country:,,30:27
Love,Da Capo,1966,3.69,4706,Psychedelic Rock:Psychedelic Pop:,Garage Rock:Baroque Pop:Folk Rock:,psychedelic:melodic:energetic:melancholic:philosophical:bittersweet:vocals:love:quirky:conscious:playful:anxious:drugs:eclectic:summer:lush:poetic:abstract:,35:54
Orchid,Dance Tonight! Revolution Tomorrow!,2000,3.82,5232,Emoviolence:,,philosophical:passionate:chaotic:raw:aggressive:dissonant:energetic:vocals:angry:rebellious:dark:manic:heavy:conscious:nihilistic:death:love:violence:melancholic:,
Darkspace,Dark Space III,2008,3.73,2477,Atmospheric Black Metal:Black Metal:,Dark Ambient:,dark:space:cold:dense:atmospheric:ominous:noisy:raw:nocturnal:hypnotic:aggressive:vocals:lo-fi:,79:14
Ryoji Ikeda,Dataplex,2005,3.6,3224,Microsound:Glitch:,Minimal Techno:,mechanical:futuristic:minimalistic:rhythmic:sparse:cold:avant-garde:atonal:instrumental:noisy:repetitive:complex:hypnotic:signatures:atmospheric:,55:31
Sodom,Decision Day,2016,3.2,511,Thrash Metal:,,aggressive:war:energetic:vocals:,50:47
Behemoth,Demigod,2004,3.48,3088,Death Metal:,,dense:infernal:technical:hateful:triumphant:occult:satanic:heavy:mythology:aggressive:apocalyptic:anti-religious:rebellious:vocals:misanthropic:chaotic:angry:,41:20
David Bromberg,Demon in Disguise,1972,3.63,130,Singer/Songwriter:Contemporary Folk:,Bluegrass:Country Blues:,psychedelic:acoustic:eclectic:vocals:,40:35
Chet Baker,Diane,1985,3.69,252,Cool Jazz:,Vocal Jazz:,romantic:longing:calm:minimalistic:lonely:melancholic:nocturnal:urban:sparse:,
Sunny Day Real Estate,Diary,1994,3.74,9359,Midwest Emo:,Post-Hardcore:,melancholic:passionate:vocals:sad:introspective:serious:anxious:bittersweet:depressive:sentimental:melodic:lonely:energetic:atmospheric:alienation:,52:46
China Crisis,"Difficult Shapes &amp; Passive Rhythms, Some People Think It's Fun to Entertain",1982,3.5,415,Synthpop:New Wave:Sophisti-Pop:,Art Pop:,playful:vocals:melodic:,39:25
Dazzling Killmen,Dig Out the Switch,1992,3.45,220,Math Rock:Post-Hardcore:,Noise Rock:,misanthropic:chaotic:technical:raw:complex:vocals:aggressive:signatures:,56:11
Fear Factory,Digimortal,2001,3.03,1576,Industrial Metal:,Groove Metal:Nu Metal:Cyber Metal:Alternative Metal:,fiction:futuristic:dark:melodic:mechanical:misanthropic:aggressive:vocals:heavy:,43:36
Dinosaur,Dinosaur,1985,3.31,2601,Indie Rock:Noise Rock:Alternative Rock:Lo-Fi / Slacker Rock:,Post-Hardcore:Lo-Fi / Slacker Rock:,lo-fi:raw:noisy:vocals:psychedelic:melodic:heavy:forest:,36:28
Katatonia,Discouraged Ones,1998,3.68,2572,Gothic Metal:,Doom Metal:Shoegaze:Alternative Metal:,depressive:melancholic:vocals:cold:lonely:apathetic:atmospheric:dark:introspective:raw:alienation:pessimistic:hypnotic:heavy:suicide:passionate:ethereal:melodic:autumn:lethargic:,46:49
Dome,Dome 2,1980,3.35,257,Experimental Rock:Industrial:Post-Punk:,Ambient:Minimal Wave:Post-Punk:,surreal:,
Bane,Don't Wait Up,2014,3.36,216,Hardcore Punk:,Melodic Hardcore:,,31:10
The Flying Eyes,Done So Wrong,2011,3.33,123,Psychedelic Rock:Heavy Psych:,Stoner Rock:,psychedelic:raw:mellow:,39:56
Doug Sahm,Doug Sahm and Band,1973,3.7,244,Country Rock:Progressive Country:,Roots Rock:Tex-Mex:Blues Rock:,melodic:,44:43
Down,Down III: Over the Under,2007,3.49,1421,Stoner Metal:Southern Metal:Southern Rock:,Southern Rock:Blues Rock:,passionate:vocals:aggressive:heavy:rhythmic:angry:dark:,60:24
Mujuice,Downshifting,2011,3.23,285,Synthpop:,Indietronica:Glitch Pop:,,51:57
Prince Far I &amp; The Arabs,Dub to Africa,1979,3.63,404,Dub:,,instrumental:rhythmic:repetitive:spiritual:atmospheric:hypnotic:warm:,
Ondskapt,Dödens evangelium,2005,3.51,504,Black Metal:,,religious:dark:aggressive:satanic:vocals:,53:30
Andrew Chalk,East of the Sun,1994,3.46,162,Drone:Ambient:,Field Recordings:,ominous:dark:cold:atmospheric:instrumental:,
Lone,Ecstasy &amp; Friends,2009,3.29,377,Instrumental Hip Hop:Wonky:,Glitch Hop:,,44:32
Rosalía,El mal querer,2018,3.6,5826,Flamenco Pop:Flamenco nuevo:Art Pop:,Alternative R&amp;B:,album:passionate:vocals:melodic:folklore:love:rhythmic:breakup:sampling:ethereal:poetic:eclectic:introspective:sentimental:longing:progressive:sensual:anthemic:spiritual:signatures:,30:14
Elis Regina,Elis &amp; Tom,1974,3.8,2091,Bossa nova:,MPB:Vocal Jazz:Samba:Samba-Jazz:,ballad:vocals:vocals:melodic:summer:melancholic:warm:peaceful:nocturnal:poetic:,36:33
Guthrie Govan,Erotic Cakes,2006,3.68,646,Jazz Fusion:Progressive Rock:,Hard Rock:Progressive Rock:,technical:melodic:complex:progressive:instrumental:energetic:,54:54
Senza,Even a Worm Will Turn,2019,3.45,619,Emoviolence:,Mathcore:Black Metal:,aggressive:passionate:vocals:ominous:chaotic:dark:atmospheric:anxious:dissonant:nocturnal:,32:27
After the Burial,Evergreen,2019,3.12,296,Metalcore:,Djent:,technical:vocals:mechanical:,40:01
Various Artists,Evita: The Complete Motion Picture Music Soundtrack,1996,3.28,292,Film Soundtrack:Show Tunes:,Hispanic American Music:Rock Opera:,,108:25
Eyehategod,Eyehategod,2014,3.34,937,Sludge Metal:,Hardcore Punk:Doom Metal:Stoner Metal:,misanthropic:dark:aggressive:heavy:vocals:energetic:introspective:,43:14
Oh Sees,Face Stabber,2019,3.43,1941,Psychedelic Rock:,Krautrock:Progressive Rock:Heavy Psych:Jam Band:Jazz-Rock:Garage Rock:,psychedelic:repetitive:energetic:vocals:hypnotic:quirky:noisy:aggressive:manic:rhythmic:progressive:melodic:playful:passionate:,80:16
Delays,Faded Seaside Glamour,2004,3.48,507,Indie Pop:Dream Pop:Jangle Pop:,Britpop:Psychedelic Pop:Indie Rock:,melodic:lush:bittersweet:warm:vocals:summer:melancholic:vocals:urban:,42:06
Fields of the Nephilim,Fallen,2002,3.06,281,Gothic Rock:,Industrial Rock:Gothic Metal:,,40:17
Classixx,Faraway Reach,2016,2.95,183,Nu-Disco:Funktronica:Dance-Pop:,Tropical House:Synthpop:Balearic Beat:,warm:happy:,
u.n.p.o.c.,Fifth Column,2003,3.56,467,Lo-Fi / Slacker Rock:Indie Pop:,Psychedelic Folk:,lo-fi:melodic:mysterious:vocals:summer:warm:acoustic:bittersweet:quirky:forest:,44:09
Cave In,Final Transmission,2019,3.27,424,Post-Hardcore:Alternative Rock:,Post-Metal:Space Rock:,vocals:melancholic:energetic:heavy:passionate:progressive:sombre:psychedelic:atmospheric:dark:melodic:introspective:dense:space:,31:19
Deadguy,Fixation on a Coworker,1995,3.62,775,Mathcore:Metalcore:,Noise Rock:Post-Hardcore:,misanthropic:aggressive:chaotic:manic:noisy:technical:dissonant:heavy:vocals:violence:cryptic:angry:disturbing:,30:17
Title Fight,Floral Green,2012,3.57,1848,Post-Hardcore:Emo:,Emo:Melodic Hardcore:Shoegaze:,melancholic:introspective:vocals:noisy:passionate:atmospheric:energetic:anxious:melodic:longing:lonely:alienation:dense:bittersweet:,32:51
BRAIDS,Flourish // Perish,2013,3.2,555,Art Pop:Indietronica:,Ambient Pop:Dream Pop:Minimal Techno:,,54:11
Mimideath,Foar Everywun Frum MIMI,2020,3.32,386,Hardcore Breaks:Plunderphonics:Breakcore:,Jersey Club:Trap:Nightcore:UK Bass:Sound Collage:Experimental Hip Hop:Drum and Bass:,rhythmic:eclectic:raw:energetic:sampling:chaotic:noisy:quirky:humorous:vocals:surreal:heavy:playful:vocals:,31:04
Stevie Wonder,For Once in My Life,1968,3.45,615,Soul:Motown Sound:,,vocals:love:romantic:uplifting:melodic:rhythmic:bittersweet:passionate:playful:,33:18
Jandek,Foreign Keys,1985,3.07,128,Avant-Folk:Contemporary Folk:Experimental Rock:,Blues:,,42:01
Mono,Formica Blues,1997,3.32,440,Trip Hop:Downtempo:Cocktail Nation:,Dream Pop:Lounge:,,53:09
Shuttle358,Frame,2000,3.48,285,Ambient:Glitch:,,instrumental:hypnotic:,58:39
Françoise Hardy,Françoise Hardy [La question],1971,3.76,2887,French Pop:Chamber Folk:Chanson:,Baroque Pop:Bossa nova:,romantic:lush:vocals:mellow:melodic:melancholic:passionate:love:sensual:soft:calm:sentimental:lonely:soothing:acoustic:ethereal:,32:29
The Red Hot Chili Peppers,Freaky Styley,1985,2.85,3306,Funk Rock:Alternative Rock:,Rap Rock:P-Funk:,energetic:vocals:playful:sexual:vulgar:rhythmic:melodic:humorous:hedonistic:,39:46
Terrence Dixon,From the Far Future Pt. 2,2012,3.44,315,Detroit Techno:Minimal Techno:,,futuristic:instrumental:rhythmic:repetitive:nocturnal:mechanical:sampling:psychedelic:,76:08
Shinichi Atobe,"From the Heart, It's a Start, a Work of Art",2017,3.35,785,Dub Techno:,Ambient Techno:Ambient House:Ambient Dub:,repetitive:instrumental:warm:atmospheric:lush:summer:hypnotic:surreal:,
The Apples in stereo,Fun Trick Noisemaker,1995,3.38,1431,Indie Pop:Neo-Psychedelia:Lo-Fi / Slacker Rock:,Psychedelic Pop:,vocals:quirky:mellow:warm:lo-fi:melodic:summer:love:Sound:bittersweet:,39:53
Perfume,Game,2008,3.53,1018,Electropop:J-Pop:Dance-Pop:,Electro House:,vocals:rhythmic:happy:energetic:futuristic:uplifting:playful:warm:passionate:mellow:,55:57
Rustie,Glass Swords,2011,3.3,2539,Purple Sound:Wonky:Future Bass:,Trap [EDM]:Skweee:Wonky:,playful:energetic:lush:futuristic:instrumental:melodic:quirky:atmospheric:uplifting:psychedelic:ethereal:vocals:eclectic:,42:23
Yes,Going for the One,1977,3.62,4563,Progressive Rock:,Symphonic Prog:,progressive:complex:epic:vocals:melodic:uplifting:energetic:dense:passionate:signatures:spiritual:technical:,38:43
Bob Dylan,Good as I Been to You,1992,3.07,1481,American Folk Music:Contemporary Folk:,Acoustic Blues:,acoustic:bittersweet:mellow:vocals:sparse:melodic:,55:01
Madeon,Good Faith,2019,3.35,1194,Electropop:,Synthpop:Nu-Disco:Dance-Pop:Future Bass:,spiritual:passionate:uplifting:warm:lush:triumphant:vocals:ethereal:rhythmic:vocals:dense:mellow:complex:,35:07
Deftones,Gore,2016,3.19,4406,Alternative Metal:Alternative Rock:,Shoegaze:Post-Metal:,atmospheric:melodic:melancholic:passionate:aggressive:ethereal:vocals:anxious:cryptic:poetic:dense:energetic:heavy:warm:,48:08
Death Grips,Government Plates,2013,3.39,16407,Industrial Hip Hop:Abstract Hip Hop:Glitch Hop:Experimental Hip Hop:Deconstructed Club:,Electro-Industrial:Wonky:,manic:cryptic:futuristic:aggressive:vocals:noisy:drugs:avant-garde:anxious:misanthropic:abstract:rhythmic:sampling:chaotic:ominous:angry:violence:repetitive:mechanical:energetic:vulgar:surreal:nihilistic:disturbing:nocturnal:eclectic:hypnotic:mysterious:dark:psychedelic:,35:37
Paul Baribeau,Grand Ledge,2007,3.57,387,Anti-Folk:Singer/Songwriter:,Folk Punk:,anxious:bittersweet:longing:acoustic:romantic:urban:melodic:love:passionate:sentimental:vocals:introspective:optimistic:,
Gram Parsons,Grievous Angel,1974,3.76,2705,Country Rock:Singer/Songwriter:Country:,,pastoral:vocals:warm:introspective:mellow:longing:sentimental:acoustic:peaceful:bittersweet:melodic:sombre:,36:14
Coroner,Grin,1993,3.63,1746,Progressive Metal:Groove Metal:,,progressive:technical:vocals:serious:rhythmic:complex:angry:dark:signatures:cold:atmospheric:cryptic:heavy:poetic:,57:42
King Gizzard &amp; the Lizard Wizard,Gumboot Soup,2017,3.32,4281,Psychedelic Rock:,Psychedelic Pop:Jazz-Rock:Neo-Psychedelia:Garage Rock:Heavy Psych:,vocals:psychedelic:warm:signatures:playful:surreal:eclectic:microtonal:progressive:fantasy:abstract:mellow:hypnotic:melodic:quirky:rhythmic:,44:08
London Voices,György Ligeti Edition 2: A Cappella Choral Works,1997,3.5,118,Modern Classical:Choral:,Hungarian Folk Music:,polyphonic:dissonant:choral:cappella:,
Sweet Trip,Halica: Bliss Out v.11,1998,3.56,2261,Ambient Techno:Dream Pop:Ambient Pop:,Ambient Pop:Shoegaze:IDM:Neo-Psychedelia:Downtempo:,atmospheric:lush:ethereal:vocals:vocals:mellow:surreal:futuristic:repetitive:hypnotic:aquatic:psychedelic:soothing:calm:warm:melancholic:,55:11
Fun Fun,Have Fun!,1984,3.5,91,Italo-Disco:,,love:mechanical:melodic:rhythmic:optimistic:vocals:energetic:party:happy:sensual:sampling:,41:02
Tegan and Sara,Heartthrob,2013,3.12,1206,Electropop:,Synthpop:,vocals:melodic:energetic:longing:summer:love:breakup:anxious:sentimental:anthemic:bittersweet:passionate:romantic:,36:29
Shelleyan Orphan,Helleborine,1987,3.6,469,Chamber Folk:Progressive Folk:Art Pop:,Dream Pop:Folk Pop:Chamber Pop:,pastoral:lush:acoustic:progressive:soothing:melodic:vocals:mellow:spring:ethereal:vocals:,
Stice,Here Come the Baton,2020,2.52,365,Digital Hardcore:Experimental Hip Hop:,Synth Punk:Gabber:,surreal:playful:abstract:manic:noisy:vocals:chaotic:energetic:vulgar:futuristic:sexual:rhythmic:drugs:alcohol:,21:13
Royal Headache,High,2015,3.48,1081,Power Pop:Garage Rock:,Garage Punk:,energetic:passionate:vocals:melodic:romantic:bittersweet:optimistic:,28:49
Bob Dylan,Highway 61 Revisited,1965,4.18,26629,Folk Rock:Singer/Songwriter:,Blues Rock:Contemporary Folk:,poetic:cryptic:surreal:sarcastic:vocals:passionate:conscious:rebellious:philosophical:introspective:melancholic:rhythmic:longing:,48:49
Holograms,Holograms,2012,3.24,785,Post-Punk:,Synth Punk:,energetic:urban:dark:sombre:vocals:anxious:rhythmic:raw:,38:12
Jeffrey Foucault,Horse Latitudes,2011,3.45,32,Americana:Singer/Songwriter:Contemporary Folk:,,,38:39
Patti Smith,Horses,1975,3.91,13722,Proto-Punk:Singer/Songwriter:Art Rock:,Garage Rock:Poetry:Art Punk:Piano Rock:,poetic:energetic:rebellious:vocals:raw:passionate:cryptic:LGBT:chaotic:playful:quirky:sarcastic:,43:10
A Guy Called Gerald,Hot Lemonade,1989,3.22,141,Acid House:,,,
Jimmy Smith,House Party,1959,3.72,176,Soul Jazz:,Hard Bop:,,
The Angels of Light,How I Loved You,2001,3.72,4470,Folk Rock:Gothic Country:,Avant-Folk:Post-Rock:Neofolk:,melancholic:sombre:poetic:love:atmospheric:dark:vocals:depressive:lonely:longing:romantic:lush:pessimistic:passionate:,69:51
Local Natives,Hummingbird,2013,3.17,1518,Indie Rock:Indie Pop:,Indie Folk:Chamber Pop:,summer:melodic:bittersweet:love:warm:,
Organ Tapes,Hunger in Me Living,2019,3.19,471,Ambient Pop:,Alternative R&amp;B:Dream Pop:Emo Rap:Cloud Rap:Bedroom Pop:UK Bass:,longing:melancholic:vocals:atmospheric:melodic:lush:spring:,33:21
David Bowie,Hunky Dory,1971,4.04,27919,Pop Rock:Glam Rock:Art Rock:,Singer/Songwriter:Piano Rock:Art Pop:Baroque Pop:,playful:melodic:quirky:vocals:warm:lush:melancholic:sarcastic:introspective:humorous:poetic:energetic:bittersweet:,41:32
nthng,Hypnotherapy,2020,3.16,179,Ambient Techno:Dub Techno:,Ambient:,repetitive:nocturnal:atmospheric:energetic:instrumental:rhythmic:hypnotic:,
Julie Doiron,I Can Wonder What You Did With Your Day,2009,3.32,297,Indie Rock:Singer/Songwriter:Folk Pop:Indie Folk:,,melodic:melancholic:mellow:minimalistic:vocals:acoustic:,31:19
Warren G,I Want It All,1999,3.16,174,West Coast Hip Hop:G-Funk:,,,60:17
Joe Jackson,I'm the Man,1979,3.68,1112,New Wave:Power Pop:Pop Rock:,,,37:46
Jonathan Richman,"I, Jonathan",1992,3.76,1481,Pop Rock:Singer/Songwriter:,Rock &amp; Roll:Surf Rock:,summer:humorous:warm:playful:bittersweet:vocals:minimalistic:melodic:love:energetic:party:,37:31
Sun Araw,Icon Give Thank,2012,3.31,610,Neo-Psychedelia:Ambient Dub:,Nyahbinghi:Dub:Roots Reggae:,psychedelic:tropical:hypnotic:melodic:atmospheric:warm:religious:vocals:,101:36
Horrendous,Idol,2018,3.55,2296,Progressive Metal:Death Metal:,Technical Death Metal:,death:progressive:ominous:occult:aggressive:vocals:heavy:technical:complex:philosophical:energetic:manic:poetic:passionate:album:abstract:,40:05
Caravan,"If I Could Do It All Over Again, I'd Do It All Over You",1970,3.85,2950,Canterbury Scene:,Psychedelic Rock:,psychedelic:summer:warm:melodic:mellow:atmospheric:progressive:vocals:energetic:rhythmic:complex:uplifting:playful:lush:suite:signatures:,
Bad Books,III,2019,3.12,137,Indie Folk:,Slowcore:,longing:soft:melancholic:mellow:sentimental:,40:18
Eat Static,Implant,1994,3.23,276,Psytrance:Ambient Techno:,Psybient:Acid Techno:,repetitive:party:instrumental:rhythmic:psychedelic:,71:21
Jack Johnson,In Between Dreams,2005,3.19,2170,Singer/Songwriter:Folk Pop:Acoustic Rock:,Sunshine Pop:,mellow:happy:acoustic:uplifting:melodic:summer:,40:52
Cut Copy,In Ghost Colours,2008,3.6,4258,Synthpop:Electropop:New Rave:,Indietronica:Alternative Dance:Neo-Psychedelia:,energetic:summer:happy:melodic:party:psychedelic:vocals:uplifting:lush:rhythmic:mellow:,50:30
Current 93,In Menstrual Night,1986,2.96,493,Industrial:Ritual Ambient:Musique concrète:,,ominous:apocalyptic:sampling:avant-garde:atmospheric:scary:rhythmic:infernal:,
Neutral Bling Hotel,In My G4 Over da Sea,2012,2.67,353,Mashup:Hip Hop:Novelty:,Pop Rap:Indie Folk:,humorous:rhythmic:hedonistic:vulgar:vocals:sampling:mashup:playful:,44:01
Britney Spears,In the Zone,2003,3.03,2417,Dance-Pop:Contemporary R&amp;B:,Contemporary R&amp;B:Trip Hop:Electropop:,sexual:urban:sensual:vocals:rebellious:introspective:party:hedonistic:playful:rhythmic:lush:melodic:love:boastful:energetic:anxious:futuristic:,49:52
Bob Dylan,Infidels,1983,3.24,2862,Singer/Songwriter:Pop Rock:,,political:vocals:melodic:romantic:sarcastic:,41:39
Serge Gainsbourg,Initials B.B.,1968,3.68,1968,French Pop:Baroque Pop:Chanson:,Yé-yé:Chanson à texte:Psychedelic Pop:Rock &amp; Roll:,vocals:melodic:playful:poetic:lush:love:romantic:,31:26
Green Day,Insomniac,1995,3.37,6291,Pop Punk:Punk Rock:,Alternative Rock:,energetic:pessimistic:anxious:vocals:angry:rebellious:melodic:self-hatred:drugs:sarcastic:dark:heavy:introspective:,32:48
Dr. Phong Nguyen,Instrumental Music of Vietnam: Dan Tranh,1983,3.54,117,Vietnamese Classical Music:,,acoustic:,
Sparks,Introducing Sparks,1977,3.1,543,Art Pop:Pop Rock:,Glam Rock:,quirky:humorous:melodic:sarcastic:,35:58
Lemonheads,It's a Shame About Ray,1992,3.62,2494,Power Pop:Alternative Rock:,Jangle Pop:,bittersweet:melodic:energetic:melancholic:playful:vocals:spring:sentimental:love:warm:LGBT:romantic:urban:,29:17
Black Marble,It's Immaterial,2016,3.14,2055,Synthpop:Coldwave:,Post-Punk:Hypnagogic Pop:Minimal Wave:,lo-fi:ethereal:melodic:melancholic:atmospheric:nocturnal:cold:cryptic:sad:longing:vocals:lethargic:love:hypnotic:rhythmic:minimalistic:,37:16
Daphni,Jiaolong,2012,3.11,748,Tech House:,Tribal House:,rhythmic:instrumental:playful:,47:52
Frank Zappa,Joe's Garage Acts II &amp; III,1979,3.59,2416,Rock Opera:Comedy Rock:Experimental Rock:,Jazz-Rock:Progressive Rock:Funk Rock:Spoken Word:Experimental Rock:,vulgar:sexual:album:vocals:complex:satirical:opera:humorous:playful:surreal:sarcastic:avant-garde:,75:45
John Renbourn,John Renbourn,1966,3.64,183,Contemporary Folk:Folk Baroque:,Acoustic Blues:British Blues:,,42:45
Johnny Cash,Johnny Cash With His Hot and Blue Guitar!,1957,3.7,2611,Country:Rockabilly:,Country Gospel:,vocals:rebellious:crime:Christian:rhythmic:love:pastoral:melodic:longing:,26:45
Various Artists,Judgment Night: Music From the Motion Picture,1993,3.55,717,Rap Rock:Film Soundtrack:Rap Metal:Alternative Rock:,Hardcore Hip Hop:Alternative Metal:,violence:urban:rhythmic:vocals:aggressive:crime:drugs:,45:11
Black Vomit,Jungle Death,2009,3.27,139,Black Ambient:Black Metal:,Experimental:Psychedelic Rock:Tribal Ambient:Black Metal:,noisy:lo-fi:surreal:instrumental:,55:59
Radian,Juxtaposition,2004,3.42,429,Glitch:Post-Rock:,Electroacoustic:Ambient:Nu Jazz:,lonely:atmospheric:cold:instrumental:futuristic:calm:abstract:peaceful:avant-garde:,46:00
Thomas Köner,Kaamos,1998,3.57,194,Dark Ambient:Drone:,,suspenseful:dark:minimalistic:ominous:winter:cold:,55:37
Kasabian,Kasabian,2004,3.38,3859,Alternative Dance:Indie Rock:,Electronic:Baggy / Madchester:Neo-Psychedelia:Post-Punk Revival:,rhythmic:psychedelic:vocals:playful:boastful:energetic:hypnotic:urban:,64:06
Bon Jovi,Keep the Faith,1992,3.25,1545,Hard Rock:AOR:,,vocals:energetic:introspective:love:passionate:,65:10
Machito,Kenya,1958,3.32,579,Afro-Cuban Jazz:Big Band:,Rhumba:,instrumental:rhythmic:tropical:uplifting:,34:50
Massacre,Killing Time,1981,3.51,1716,No Wave:Experimental Rock:Noise Rock:,Avant-Prog:Math Rock:Post-Punk:Zolo:,dissonant:instrumental:noisy:raw:complex:signatures:avant-garde:manic:technical:improvisation:playful:,
Andrew Jackson Jihad,Knife Man,2011,3.49,4809,Indie Rock:Folk Punk:Indie Folk:Folk Rock:,Folk Punk:Anti-Folk:,misanthropic:sarcastic:pessimistic:anxious:energetic:depressive:vocals:introspective:existential:passionate:uplifting:raw:humorous:melodic:conscious:vulgar:lonely:noisy:angry:anthemic:nihilistic:autumn:manic:satirical:eclectic:,43:06
Sigur Rós,Kveikur,2013,3.62,6766,Post-Rock:Art Rock:,Dream Pop:Industrial Rock:Post-Industrial:,ethereal:atmospheric:melancholic:epic:dark:winter:sombre:nocturnal:apocalyptic:cold:vocals:passionate:ominous:vocals:lush:,48:14
Sielun Veljet,L'amourha,1985,3.61,226,Post-Punk:,Hard Rock:,anxious:aggressive:political:,41:00
Laylow,L'étrange histoire de Mr. Anderson,2021,3.46,124,French Hip Hop:,Alternative R&amp;B:Cloud Rap:Spoken Word:Trap:Conscious Hip Hop:,introspective:album:atmospheric:melodic:urban:alienation:cold:misanthropic:anxious:nocturnal:vocals:sampling:lonely:surreal:sombre:mysterious:drugs:serious:melancholic:,51:07
Gaë Bolg and the Church of Fand,La ballade de l'Ankou,2002,3.51,214,Martial Industrial:Neofolk:,Neoclassical Darkwave:Neo-Medieval Folk:Choral:,rhythmic:martial:death:epic:history:folklore:vocals:,45:43
Richard Hawley,Lady's Bridge,2007,3.67,646,Singer/Songwriter:Chamber Pop:,Traditional Pop:,lush:bittersweet:mellow:romantic:melancholic:love:soft:melodic:longing:warm:,48:26
Noah and the Whale,Last Night on Earth,2011,2.98,600,Indie Pop:Pop Rock:,Synthpop:,,33:28
Arlo Guthrie,Last of the Brooklyn Cowboys,1973,3.4,90,Singer/Songwriter:Folk Rock:Country:Contemporary Folk:,Country &amp; Irish:Country Rock:,,36:55
Andrew Cyrille,Lebroba,2018,3.31,136,Avant-Garde Jazz:ECM Style Jazz:,,improvisation:avant-garde:instrumental:,
Myrath,Legacy,2016,3.39,612,Folk Metal:Progressive Metal:,Arabic Folk Music:Symphonic Metal:,melodic:epic:,50:43
Charles Hayward,Les nouvelles musiques de chambre 2,1989,3.62,210,Ambient:,Modern Classical:Post-Minimalism:,peaceful:instrumental:soft:mysterious:lonely:minimalistic:nature:calm:sombre:,45:20
PJ Harvey,Let England Shake,2011,3.79,10431,Singer/Songwriter:Art Rock:,Indie Folk:Chamber Pop:,war:history:passionate:protest:vocals:political:death:serious:poetic:album:conscious:pastoral:ethereal:atmospheric:sombre:lush:violence:cold:,40:04
Type O Negative,Life Is Killing Me,2003,3.56,2279,Gothic Metal:Alternative Metal:,Doom Metal:,melancholic:vocals:humorous:dark:heavy:introspective:melodic:death:atmospheric:nocturnal:pessimistic:energetic:self-hatred:sombre:,74:26
Klein,Lifetime,2019,3.33,550,Epic Collage:Post-Industrial:Sound Collage:,Dark Ambient:Glitch:Field Recordings:Drone:,abstract:dissonant:cryptic:nocturnal:surreal:atmospheric:repetitive:sampling:melancholic:dark:sombre:ethereal:mysterious:depressive:vocals:,52:29
Step Brothers,Lord Steppington,2014,3.17,599,West Coast Hip Hop:Boom Bap:Abstract Hip Hop:,,crime:drugs:humorous:psychedelic:raw:rebellious:soothing:abstract:playful:meditative:hypnotic:dark:surreal:urban:quirky:vocals:aggressive:eclectic:violence:polyphonic:rhythmic:mellow:sampling:boastful:repetitive:,48:33
Los Hermanos,Los Hermanos,1999,2.89,512,Alternative Rock:Pop Rock:,Ska Punk:Marchinha:Power Pop:,energetic:romantic:breakup:love:self-hatred:anxious:melancholic:,36:38
The New Basement Tapes,Lost on the River,2014,3.5,172,Folk Rock:Americana:,Country Rock:,,73:36
Michael Kiwanuka,Love &amp; Hate,2016,3.64,1865,Soul:Singer/Songwriter:,Psychedelic Soul:Gospel:Art Rock:,lush:melancholic:melodic:passionate:sad:psychedelic:love:vocals:atmospheric:,54:49
BTS,Love Yourself 轉 'Tear',2018,2.79,1683,K-Pop:Electropop:,Pop Rap:Dance-Pop:Contemporary R&amp;B:Alternative R&amp;B:Trap:,uplifting:vocals:love:bittersweet:rhythmic:longing:optimistic:energetic:passionate:melancholic:eclectic:melodic:poetic:anthemic:,43:52
Tanya Tucker,Lovin' and Learnin',1976,3.11,22,Nashville Sound:,,,30:53
Sixteen Horsepower,Low Estate,1997,3.71,1689,Gothic Country:Alt-Country:,Americana:Country Rock:,dark:Christian:vocals:pastoral:rhythmic:melodic:religious:autumn:anxious:passionate:melancholic:eclectic:atmospheric:philosophical:pessimistic:poetic:sombre:desert:,49:53
Discovery,LP,2009,2.84,604,Electropop:,Indietronica:Chillwave:,,29:55
My Bloody Valentine,m b v,2013,3.58,15632,Shoegaze:Dream Pop:,Noise Pop:Neo-Psychedelia:,noisy:dense:hypnotic:vocals:psychedelic:atmospheric:ethereal:vocals:love:melancholic:mysterious:cryptic:sensual:nocturnal:romantic:warm:bittersweet:dissonant:soft:repetitive:melodic:,46:36
Murrumur,Magic for Beginners,2021,3.35,126,Hardcore [EDM]:Breakcore:,Cloud Rap:Art Pop:Indietronica:Drill and Bass:Trap:,vocals:occult:noisy:eclectic:mechanical:ritualistic:spiritual:alienation:melodic:lush:chaotic:,31:58
Altar of Plagues,Mammal,2011,3.53,1341,Atmospheric Black Metal:Post-Metal:,Post-Rock:Atmospheric Sludge Metal:Blackgaze:,vocals:dense:heavy:atmospheric:sombre:dark:,51:59
Television,Marquee Moon,1977,4.14,26115,Art Punk:,,vocals:rhythmic:poetic:cryptic:technical:anxious:introspective:philosophical:existential:urban:nocturnal:energetic:melodic:raw:,45:13
HTRK,Marry Me Tonight,2009,3.46,705,Post-Punk:,Dub:Minimal Wave:,apathetic:sexual:deadpan:vocals:,36:41
Scud Mountain Boys,Massachusetts,1996,3.65,270,Alt-Country:,,,54:21
Wacław Zimpel,Massive Oscillations,2020,3.3,569,Post-Minimalism:Progressive Electronic:,Tribal Ambient:Drone:Berlin School:,minimalistic:hypnotic:rhythmic:atmospheric:instrumental:nocturnal:mechanical:futuristic:progressive:repetitive:surreal:lush:dense:,
Arms and Sleepers,Matador,2009,3.46,384,Trip Hop:Downtempo:,Ambient:Post-Rock:,vocals:vocals:melancholic:lush:mellow:sentimental:nocturnal:lonely:atmospheric:melodic:,41:01
Dedalus,Materiale per tre esecutori e nastro magnetico,1974,2.81,130,Free Improvisation:Musique concrète:,,,43:48
Tom Jobim,Matita Perê,1973,3.72,502,MPB:,Modern Classical:Third Stream:,tropical:lush:orchestral:calm:vocals:surreal:psychedelic:,42:23
Mecano,Mecano,1982,3.57,426,Synthpop:New Romantic:,New Wave:Art Pop:Post-Punk:,vocals:melodic:introspective:playful:eclectic:manic:fantasy:party:quirky:,41:14
Pink Floyd,Meddle,1971,3.97,28145,Progressive Rock:,Space Rock:Psychedelic Rock:Folk Rock:,mellow:psychedelic:atmospheric:mysterious:progressive:vocals:calm:surreal:hypnotic:epic:complex:introspective:space:aquatic:warm:philosophical:nocturnal:eclectic:suspenseful:,
Cage the Elephant,Melophobia,2013,3.47,4253,Indie Rock:,Garage Rock Revival:Neo-Psychedelia:Noise Pop:,vocals:energetic:longing:lonely:introspective:anxious:bittersweet:love:noisy:psychedelic:melodic:dense:,37:23
Bolt Thrower,Mercenary,1998,3.62,1574,Death Metal:,,war:aggressive:heavy:vocals:rhythmic:nihilistic:energetic:death:dark:martial:dense:pessimistic:epic:,46:39
Liars,Mess,2014,3.29,2303,Electro-Industrial:Electroclash:Alternative Dance:New Rave:,Synth Punk:Experimental Rock:,vocals:mechanical:surreal:energetic:ominous:repetitive:aggressive:anxious:dark:disturbing:playful:,55:17
Juanes,Mi sangre,2004,2.55,226,Latin Pop:Pop Rock:Singer/Songwriter:,,romantic:,45:16
Davy Graham,Midnight Man,1966,3.64,116,Folk Baroque:British Folk Rock:,Acoustic Blues:,introspective:improvisation:nocturnal:melodic:playful:poetic:,
Assück,Misery Index,1997,3.73,1509,Deathgrind:,,aggressive:heavy:pessimistic:vocals:anarchism:political:raw:nihilistic:angry:alienation:misanthropic:existential:apocalyptic:dark:dissonant:serious:technical:violence:energetic:hateful:manic:,15:12
Lido Pimienta,Miss Colombia,2020,3.44,1625,Latin Electronic:Art Pop:,Digital Cumbia:Bullerengue:Folktronica:,passionate:tropical:conscious:melodic:vocals:folklore:warm:introspective:rebellious:atmospheric:bittersweet:summer:ritualistic:,43:31
Tomahawk,Mit Gas,2003,3.55,1502,Alternative Rock:,Experimental Rock:Alternative Metal:,vocals:eclectic:ominous:,41:24
Sam Hunt,Montevallo,2014,2.1,189,Bro-Country:,Pop Rock:Contemporary R&amp;B:Pop Rap:,vocals:hedonistic:,38:28
Sepultura,Morbid Visions,1986,3.3,2831,Thrash Metal:Death Metal:,Black Metal:,vocals:death:raw:infernal:anti-religious:heavy:lo-fi:dark:violence:apocalyptic:war:satanic:energetic:misanthropic:rebellious:hateful:,
Red Hot Chili Peppers,Mother's Milk,1989,3.3,5529,Funk Rock:Alternative Rock:,Rap Rock:Funk Metal:,energetic:vocals:eclectic:hedonistic:sexual:playful:rhythmic:humorous:vulgar:warm:boastful:drugs:passionate:heavy:,44:50
Pygmylush,Mount Hope,2008,3.58,458,Contemporary Folk:,Slowcore:Indie Folk:,vocals:lethargic:soothing:soft:mellow:melancholic:introspective:melodic:warm:apathetic:winter:,46:14
Klaxon Gueule,Muets,1999,3.43,70,Free Improvisation:EAI:,,scary:improvisation:existential:anxious:aquatic:atonal:avant-garde:meditative:atmospheric:sparse:mysterious:hypnotic:dissonant:,49:27
Markéta Irglová,Muna,2014,3.42,147,Chamber Folk:Singer/Songwriter:,Czech Folk Music:,religious:vocals:Christian:spiritual:,51:55
KISS,Music From The Elder,1981,2.87,1400,Hard Rock:,Rock Opera:Symphonic Rock:Symphonic Prog:Heavy Metal:,triumphant:fantasy:epic:progressive:vocals:mysterious:opera:album:,41:35
Steven Stapleton,Musical Pumpkin Cottage,1996,3.51,123,Experimental Rock:Industrial:,Krautrock:Dark Ambient:Industrial:,,45:05
Beck,Mutations,1998,3.58,6029,Folk Rock:Alternative Rock:,Neo-Psychedelia:Contemporary Folk:Alt-Country:,playful:mellow:vocals:melancholic:eclectic:melodic:quirky:warm:poetic:,49:13
Camera Obscura,My Maudlin Career,2009,3.46,2152,Twee Pop:Indie Pop:Chamber Pop:,Chamber Pop:,mellow:vocals:longing:autumn:melodic:love:bittersweet:lush:sentimental:,46:23
Angel Olsen,MY WOMAN,2016,3.62,7117,Indie Rock:Singer/Songwriter:,Dream Pop:,vocals:romantic:mellow:soothing:introspective:bittersweet:LGBT:breakup:passionate:warm:sentimental:psychedelic:poetic:melodic:longing:love:existential:melancholic:lonely:,47:36
Dënver,"Música, gramática, gimnasia",2010,3.52,437,Indie Pop:Synthpop:,Chamber Pop:Electropop:Twee Pop:Indietronica:,summer:bittersweet:love:mellow:vocals:vocals:rhythmic:melancholic:warm:melodic:eclectic:,45:04
Nara Leão,Nara,1967,3.62,195,MPB:Samba:Baroque Pop:,Bossa nova:Partido alto:,lush:vocals:tropical:philosophical:romantic:humorous:melodic:playful:poetic:bittersweet:sentimental:eclectic:protest:soothing:,
Asphyx,Necroceros,2021,3.35,680,Death Metal:,Death Doom Metal:,atmospheric:dark:death:heavy:aggressive:vocals:,50:16
Yen Pox,New Dark Age,2000,3.61,101,Dark Ambient:Drone:,,ominous:surreal:atmospheric:infernal:dense:sombre:,65:32
Dead Poetic,New Medicines,2004,3.15,282,Post-Hardcore:,Alternative Rock:,melancholic:Christian:energetic:,48:29
Lou Reed,New York,1989,3.74,4267,Rock:Singer/Songwriter:,Singer/Songwriter:Art Rock:Beat Poetry:Punk Blues:Heartland Rock:,urban:poetic:political:sarcastic:deadpan:vocals:conscious:anthemic:raw:serious:violence:rhythmic:album:protest:energetic:,56:40
Oriol,Night and Day,2010,3.12,173,Chillwave:Chillstep:Electro House:,Funky House:Synth Funk:Purple Sound:,summer:rhythmic:soft:,43:15
The North Sea,Night of the Ankou,2005,3.39,79,Ambient:Drone:,,meditative:hypnotic:instrumental:ethereal:,35:53
Killing Joke,Night Time,1985,3.78,3305,Post-Punk:,Gothic Rock:New Wave:,nocturnal:anxious:passionate:rhythmic:energetic:rebellious:atmospheric:vocals:political:sombre:dark:repetitive:mechanical:aggressive:,39:34
Scissor Sisters,Night Work,2010,3.3,682,Dance-Pop:Electro-Disco:,Electropop:Disco:Dance-Punk:,LGBT:energetic:quirky:party:,44:22
Lucrecia Dalt,No era sólida,2020,3.02,364,Electroacoustic:Ambient:,Spoken Word:Minimal Synth:Sound Poetry:,surreal:vocals:mysterious:atmospheric:sparse:hypnotic:dark:meditative:,40:06
Van Morrison,"No Guru, No Method, No Teacher",1986,3.72,926,Singer/Songwriter:Pop Rock:,Jazz Pop:,vocals:nocturnal:soothing:spiritual:passionate:spring:melancholic:meditative:,51:07
Jim White,No Such Place,2001,3.52,237,Americana:Alt-Country:,Folk Rock:,,63:42
Kai Whiston,No World As Good As Mine,2019,3.42,1868,UK Bass:Experimental Rock:,Post-Rock:Poetry:Deconstructed Club:,progressive:sampling:eclectic:surreal:rhythmic:atmospheric:complex:vocals:forest:futuristic:bittersweet:lush:epic:instrumental:introspective:album:suite:,61:09
Daughter,Not to Disappear,2016,3.23,2153,Dream Pop:Art Pop:,Post-Rock:Indie Rock:,melancholic:sad:atmospheric:ethereal:vocals:mellow:soothing:melodic:existential:nocturnal:lonely:,47:09
Alanis,Now Is the Time,1992,2.04,170,Dance-Pop:,Teen Pop:,,44:18
$PIRIT GURLZ,NVR,2020,3.08,338,Cloud Rap:HexD:Emo Rap:Experimental Hip Hop:,Pop Rap:Neo-Psychedelia:Trap:Tread:Nightcore:,vocals:lobit:hypnotic:psychedelic:surreal:nature:melodic:romantic:ethereal:abstract:depressive:love:self-hatred:melancholic:playful:,17:19
R. Andrew Lee,Obsessions,2016,3.07,72,Minimalism:,,,47:41
Boys Noize,Oi Oi Oi,2007,3.12,628,Electro House:,Electroclash:Tech House:Acid House:,repetitive:rhythmic:,67:35
TesseracT,One,2011,3.48,1455,Djent:Progressive Metal:,,melodic:atmospheric:progressive:introspective:vocals:passionate:heavy:technical:rhythmic:complex:,54:31
Toshimaru Nakamura,One Day,2008,3.27,86,EAI:,,,56:38
Cirith Ungol,One Foot in Hell,1986,3.65,858,Heavy Metal:,Traditional Doom Metal:US Power Metal:,vocals:apocalyptic:epic:fantasy:dark:melodic:heavy:energetic:anthemic:rhythmic:,35:30
SHXCXCHCXSH,OUFOUFOF,2018,3.26,388,Industrial Techno:,Deconstructed Club:,repetitive:abstract:manic:mechanical:rhythmic:energetic:cold:instrumental:aggressive:ominous:dark:atonal:,49:34
The Style Council,Our Favourite Shop,1985,3.6,911,Sophisti-Pop:,Jazz Pop:Pop Soul:New Wave:,eclectic:vocals:,44:40
Damaskin,Our Shadows Will Walk,2016,3.04,94,Drone:Industrial Techno:Techno:,Dark Ambient:,mechanical:,69:05
Tracey Thorn,Out of the Woods,2007,3.38,291,Downtempo:Synthpop:,Chamber Pop:,vocals:rhythmic:melancholic:melodic:,42:54
Caetano Veloso,Outras palavras,1981,3.39,168,MPB:Pop:Singer/Songwriter:,Afoxé:,love:bittersweet:rhythmic:poetic:tropical:calm:eclectic:nature:soft:abstract:warm:complex:introspective:,40:16
Skream,Outside the Box,2010,2.72,375,Dubstep:,Drum and Bass:Chiptune:,vocals:vocals:,63:31
Washed Out,Paracosm,2013,3.3,1966,Chillwave:Dream Pop:,Neo-Psychedelia:Dream Pop:Balearic Beat:,uplifting:mellow:atmospheric:hypnotic:summer:calm:psychedelic:nature:vocals:warm:sensual:lush:melodic:soft:peaceful:tropical:spring:,41:06
After Dinner,Paradise of Replica,1989,3.53,1431,Art Pop:Progressive Pop:Avant-Prog:,Japanese Folk Music:Avant-Prog:Chamber Pop:Baroque Pop:,lush:surreal:eclectic:complex:quirky:vocals:avant-garde:playful:melodic:rhythmic:progressive:psychedelic:,29:42
Paulo Bagunça e a Tropa Maldita,Paulo Bagunça e a Tropa Maldita,1973,3.51,90,Psychedelic Folk:MPB:,,,
Haircut One Hundred,Pelican West,1982,3.39,744,New Wave:Sophisti-Pop:Pop Rock:,Jangle Pop:Jazz-Funk:Britfunk:Sophisti-Pop:,playful:quirky:optimistic:happy:romantic:love:vocals:rhythmic:,42:53
Unrest,Perfect Teeth,1993,3.58,565,Indie Rock:Indie Pop:,Jangle Pop:Noise Pop:,summer:melodic:bittersweet:poetic:vocals:vocals:energetic:quirky:spring:love:introspective:,45:02
The Fall,Perverted by Language,1983,3.81,3358,Post-Punk:,Experimental Rock:Art Punk:,cryptic:satirical:vocals:anxious:repetitive:misanthropic:dissonant:surreal:energetic:abstract:raw:mysterious:humorous:lo-fi:,46:22
Amon Düül II,Phallus Dei,1969,3.7,4860,Krautrock:Psychedelic Rock:,Progressive Rock:,psychedelic:progressive:pagan:tribal:avant-garde:vocals:surreal:nocturnal:hypnotic:manic:improvisation:heavy:playful:quirky:nature:ethereal:meditative:,40:42
UFO,Phenomenon,1974,3.81,2191,Hard Rock:,Blues Rock:Heavy Metal:,vocals:melodic:bittersweet:rhythmic:,39:06
Xymox,Phoenix,1991,3.07,179,Alternative Dance:Indietronica:,Darkwave:Baggy / Madchester:Gothic Rock:,dark:,46:25
Markus Hinterhäuser,Piano Sonatas,1998,3.44,63,Modern Classical:,,,72:57
Anal Cunt,Picnic of Love,1998,2.44,724,Musical Parody:Contemporary Folk:Satire:Musical Comedy:,Folk Pop:Anti-Folk:,parody:satirical:love:acoustic:vocals:humorous:pastoral:peaceful:melodic:calm:mellow:,34:16
Pink Guy,Pink Guy,2014,2.09,1432,Comedy Rap:Novelty:Experimental Hip Hop:,Indie Folk:Jazz Rap:,vulgar:vocals:novelty:manic:satirical:sarcastic:humorous:quirky:violence:misanthropic:hateful:playful:repetitive:suicide:apathetic:boastful:rhythmic:eclectic:lo-fi:,35:35
The Monkees,"Pisces, Aquarius, Capricorn &amp; Jones Ltd.",1967,3.67,1573,Psychedelic Pop:Pop Rock:,Sunshine Pop:,summer:melodic:optimistic:vocals:psychedelic:happy:warm:playful:love:conscious:mellow:bittersweet:sarcastic:rhythmic:,32:56
James Ferraro,Pixarni,2010,3.33,362,Space Ambient:Ambient:,Progressive Electronic:New Age:Drone:,lo-fi:futuristic:surreal:psychedelic:instrumental:atmospheric:ethereal:mysterious:space:,34:24
*Shels,Plains of the Purple Buffalo,2011,3.37,1400,Post-Rock:Post-Metal:,Ambient:Shoegaze:Atmospheric Sludge Metal:,atmospheric:spiritual:triumphant:ethereal:album:vocals:,76:56
múm,Please Smile My Noise Bleed,2001,3.32,278,Downtempo:Electronic:,Ambient Pop:Indietronica:,repetitive:instrumental:,45:45
Black Grape,Pop Voodoo,2017,3.25,102,Alternative Dance:,Baggy / Madchester:Britpop:,,50:24
System 7,Power of Seven⁷,1996,3.46,164,Techno:Progressive House:,Ambient House:Psytrance:,playful:,77:35
Rhapsody,Power of the Dragonflame,2002,3.6,1230,Power Metal:Symphonic Metal:,Neoclassical Metal:,fantasy:energetic:melodic:vocals:epic:triumphant:orchestral:anthemic:lush:album:suspenseful:dense:war:technical:choral:atmospheric:,64:55
Guano Apes,Proud Like a God,1997,3.06,841,Alternative Rock:Nu Metal:,Post-Grunge:Funk Metal:Neo-Psychedelia:Funk Rock:,vocals:heavy:energetic:melodic:aggressive:anxious:,47:53
Tyler Childers,Purgatory,2017,3.66,472,Progressive Country:,Outlaw Country:Bluegrass:Americana:,bittersweet:religious:vocals:love:alcohol:introspective:melodic:pastoral:drugs:,37:21
The Mighty Mighty Bosstones,Question the Answers,1994,3.32,267,Ska Punk:Ska:Pop Punk:,,,40:34
Asian Dub Foundation,R.A.F.I.,1997,3.29,142,Breakbeat:UK Hip Hop:,Ragga:Dub:Drum and Bass:Alternative Rock:,,57:55
Księżyc,Rabbit Eclipse,2015,3.54,587,Avant-Folk:Drone:,Ambient:Psychedelic Folk:Free Folk:,mysterious:vocals:ethereal:folklore:calm:,41:31
Deacon Blue,Raintown,1987,3.52,444,Sophisti-Pop:Pop Rock:,New Wave:,romantic:lush:urban:passionate:vocals:rain:melodic:,41:38
Raja Kirik,Rampokan,2020,3.49,116,Post-Industrial:,Kuda Lumping:Industrial Techno:Gabber:Industrial Hardcore:,ritualistic:mechanical:rhythmic:dense:noisy:occult:avant-garde:mythology:instrumental:hypnotic:chaotic:dissonant:war:suspenseful:surreal:dark:angry:scary:energetic:paranormal:,65:41
Daftside,Random Access Memories Memories,2013,3.13,290,Microhouse:Nu-Disco:,Noise:,rhythmic:,52:18
Synapse,Raw,2005,3.19,92,Art Pop:Electroacoustic:,Glitch:,,
Sophie Ellis-Bextor,Read My Lips,2001,3.31,747,Dance-Pop:Electropop:,Electro-Disco:Nu-Disco:Downtempo:Art Pop:Funky House:,vocals:bittersweet:playful:rhythmic:passionate:energetic:mellow:warm:romantic:party:love:sensual:nocturnal:,50:04
Shadow of Intent,Reclaimer,2017,3.31,376,Deathcore:Melodic Death Metal:,Symphonic Metal:Progressive Metal:,heavy:melodic:vocals:,58:24
Deaf Center,Recount,2014,3.4,142,Ambient:Drone:,Dark Ambient:,atmospheric:,27:07
Taj Mahal,Recycling the Blues &amp; Other Related Stuff,1972,3.38,98,Blues:,Acoustic Blues:Soul Blues:Country Blues:,,36:56
Claro Intelecto,Reform Club,2012,3.26,269,Minimal Techno:Dub Techno:,Dub Techno:,,52:56
Snoop Lion,Reincarnated,2013,2.29,437,Pop Reggae:,Dancehall:Pop Rap:,drugs:mellow:melodic:love:vocals:,44:17
Bikini Kill,Reject All American,1996,3.39,861,Riot Grrrl:Punk Rock:,Indie Rock:,political:,26:51
Protomartyr,Relatives in Descent,2017,3.67,5513,Post-Punk:,Art Punk:Noise Rock:,dark:vocals:existential:philosophical:anxious:political:pessimistic:cryptic:misanthropic:rebellious:noisy:energetic:poetic:rhythmic:sarcastic:serious:deadpan:urban:,43:21
65daysofstatic,"replicr, 2019",2019,3.1,406,Ambient:IDM:,Drone:Glitch:Post-Rock:,atmospheric:dark:mysterious:instrumental:ominous:apocalyptic:eclectic:mechanical:introspective:suspenseful:signatures:futuristic:sombre:,42:08
Jeremy Enigk,Return of the Frog Queen,1996,3.52,406,Indie Pop:Indie Rock:,Chamber Pop:Midwest Emo:Baroque Pop:,vocals:existential:anxious:atmospheric:Christian:passionate:ethereal:music:,29:23
bvdub,Return to Tonglu,2008,3.43,96,Ambient Techno:Dub Techno:,IDM:Ambient:,lonely:sombre:bittersweet:rhythmic:cold:repetitive:meditative:,46:10
DJ Quik,Rhythm-al-ism,1998,3.77,654,West Coast Hip Hop:,G-Funk:Contemporary R&amp;B:,urban:rhythmic:mellow:summer:hedonistic:boastful:lush:party:warm:sexual:energetic:vulgar:vocals:humorous:alcohol:melodic:playful:nocturnal:,70:06
Megadeth,Risk,1999,2.18,3530,Hard Rock:,Heavy Metal:,anthemic:vocals:eclectic:,51:33
Twilight Ritual,Rituals,1986,3.4,263,Coldwave:Minimal Wave:Synthpop:,Minimal Synth:,rhythmic:urban:cold:futuristic:mechanical:melodic:minimalistic:vocals:,40:06
La Dispute,Rooms of the House,2014,3.43,2329,Post-Hardcore:,Emo:,lonely:poetic:passionate:sad:introspective:love:album:bittersweet:serious:breakup:vocals:romantic:sentimental:winter:,41:49
Roosevelt,Roosevelt,2016,3.39,462,Synthpop:Dance-Pop:,Nu-Disco:Balearic Beat:Chillwave:Alternative Dance:,vocals:uplifting:melodic:summer:rhythmic:passionate:warm:lush:,46:43
Severed Heads,Rotund for Success,1988,3.42,195,Electro-Industrial:New Beat:,Halloween Music:Darkwave:Synthpop:Acid House:,Halloween:rhythmic:sampling:,58:57
Voivod,Rrröööaaarrr,1986,3.24,1484,Thrash Metal:,Crossover Thrash:,angry:aggressive:energetic:violence:raw:vocals:noisy:apocalyptic:chaotic:martial:,36:32
Full of Hell,Rudiments of Mutilation,2013,3.46,953,Powerviolence:Sludge Metal:Metalcore:,Noise:Grindcore:,chaotic:infernal:aggressive:noisy:angry:vocals:dark:dissonant:nihilistic:ominous:misanthropic:energetic:raw:heavy:dense:,24:11
Emancipator,Safe in the Steep Cliffs,2010,3.32,916,Trip Hop:,Downtempo:Nu Jazz:,peaceful:soothing:calm:atmospheric:,57:17
Sega Bodega,Salvador,2020,3.06,917,Alternative R&amp;B:Art Pop:UK Bass:,Deconstructed Club:Trap:Glitch Pop:Glitch Hop:UK Bass:,atmospheric:vocals:love:futuristic:anxious:sexual:melancholic:vocals:bittersweet:sombre:surreal:nocturnal:urban:calm:ethereal:,36:56
Kinshi Tsuruta,Satsuma biwa,1991,3.51,132,Heikyoku:,,acoustic:sparse:spiritual:minimalistic:meditative:history:suspenseful:mysterious:ritualistic:hypnotic:,59:43
Lebanon Hanover,Sci-Fi Sky,2020,3.27,285,Darkwave:Gothic Rock:,Coldwave:,introspective:rhythmic:vocals:anxious:nocturnal:longing:dark:melancholic:alienation:poetic:sombre:atmospheric:vocals:cold:depressive:manic:sad:mechanical:,50:07
Ornette Coleman,Science Fiction,1972,3.87,2355,Free Jazz:Avant-Garde Jazz:,,improvisation:avant-garde:technical:chaotic:energetic:passionate:spiritual:apocalyptic:dense:vocals:eclectic:complex:fiction:,39:39
Scissor Sisters,Scissor Sisters,2004,3.36,2167,Dance-Pop:Pop Rock:,Disco:Glam Rock:,sexual:quirky:playful:LGBT:rhythmic:vocals:melodic:party:eclectic:vocals:energetic:,42:54
Tee Grizzley,Scriptures,2019,2.69,132,Trap:,Gangsta Rap:Pop Rap:Detroit Trap:,vocals:crime:energetic:cold:,39:56
Sorry about my face,seems like an echo inside my head,2018,3.3,118,Breakcore:IDM:,Ambient:Atmospheric Drum and Bass:,atmospheric:depressive:drugs:nocturnal:cold:,29:04
Héroes del Silencio,Senderos de traición,1990,3.71,1226,Gothic Rock:Alternative Rock:,Hard Rock:Jangle Pop:Post-Punk:,passionate:rhythmic:melancholic:lush:melodic:poetic:atmospheric:vocals:sombre:,41:32
Andy Gibb,Shadow Dancing,1978,3.0,133,Disco:,Rhythm &amp; Blues:Blue-Eyed Soul:,,40:58
Persefone,Shin-ken,2009,3.47,608,Progressive Metal:Death Metal:,Melodic Death Metal:,manic:violence:album:suspenseful:ideology:spiritual:,61:18
Femi Kuti,Shoki Shoki,1998,3.51,248,Afrobeat:,Jazz-Funk:,melodic:uplifting:rhythmic:warm:ensemble:rebellious:vocals:energetic:passionate:,56:21
Manowar,Sign of the Hammer,1984,3.58,1689,Heavy Metal:US Power Metal:,Power Metal:,triumphant:epic:boastful:anthemic:energetic:mythology:heavy:vocals:passionate:apocalyptic:rhythmic:melodic:,40:29
Deux filles,Silence &amp; Wisdom,1982,3.44,1244,Ambient:Ambient Pop:,Sound Collage:Ethereal Wave:Ambient:Post-Rock:Spoken Word:,mysterious:avant-garde:album:LGBT:surreal:calm:nocturnal:atmospheric:ominous:peaceful:sampling:soft:ethereal:psychedelic:,
Le Butcherettes,Sin Sin Sin,2011,3.09,216,Garage Rock:Garage Punk:,,,
Chet Baker,"Sings and Plays With Bud Shank, Russ Freeman and Strings",1955,3.6,204,Vocal Jazz:Standards:,Cool Jazz:,love:melodic:melancholic:mellow:,
Knxwledge,Skr∆wberries.Funr∆isrs Vol. 3,2010,3.42,329,Lo-Fi Hip Hop:Instrumental Hip Hop:,Wonky:,mellow:playful:sampling:warm:hypnotic:psychedelic:lo-fi:lush:,30:10
Ivar Bjørnson,Skuggsjá: A Piece for Mind &amp; Mirror,2016,3.47,597,Nordic Folk Music:Dark Folk:Folk Metal:Neo-Pagan Folk:,Black Metal:,pagan:dark:mythology:folklore:epic:vocals:atmospheric:melancholic:nature:sombre:progressive:dense:,60:07
At the Gates,Slaughter of the Soul,1995,3.73,5933,Melodic Death Metal:,,energetic:angry:heavy:melodic:anti-religious:misanthropic:aggressive:pessimistic:death:vocals:passionate:,34:26
Sybreed,Slave Design,2004,3.42,437,Industrial Metal:Cyber Metal:,Groove Metal:Djent:Melodic Death Metal:,fiction:heavy:futuristic:rhythmic:vocals:atmospheric:misanthropic:melodic:mechanical:cold:apocalyptic:political:,58:49
EABS,Slavic Spirits,2019,3.45,667,Jazz Fusion:,Spiritual Jazz:,instrumental:improvisation:atmospheric:playful:,43:42
Ty Segall,Sleeper,2013,3.31,978,Psychedelic Folk:Singer/Songwriter:,Psychedelic Rock:Folk Rock:,psychedelic:pastoral:melancholic:autumn:acoustic:,35:50
Art Pepper Quintet,Smack Up,1960,3.75,144,Hard Bop:,Cool Jazz:,instrumental:acoustic:,37:37
Snuff,Snuff,2009,3.05,110,Power Electronics:,Harsh Noise:Field Recordings:,crime:scary:violence:ominous:noisy:atmospheric:album:dark:death:,83:11
CCCP Fedeli alla Linea,Socialismo e barbarie,1987,3.48,586,Post-Punk:Art Punk:,Punk Rock:New Wave:,energetic:anthemic:vocals:political:noisy:religious:cold:eclectic:passionate:rhythmic:rebellious:manic:mechanical:,37:43
Depeche Mode,Some Great Reward,1984,3.66,5629,Synthpop:,Industrial:New Romantic:EBM:,mechanical:cold:vocals:love:melodic:dark:rhythmic:anxious:sarcastic:sexual:romantic:melancholic:bittersweet:,40:21
Origami Angel,Somewhere City,2019,3.71,2225,Midwest Emo:Emo-Pop:,Math Rock:Pop Punk:Easycore:,energetic:optimistic:uplifting:quirky:passionate:vocals:melodic:album:anthemic:summer:love:bittersweet:warm:playful:longing:sentimental:complex:technical:dense:,29:59
Jeff Hanson,Son,2003,3.71,136,Singer/Songwriter:Folk Pop:Pop Rock:,Twee Pop:,vocals:longing:bittersweet:melancholic:serious:acoustic:sparse:melodic:,44:40
Shame,Songs of Praise,2018,3.31,2835,Post-Punk:Indie Rock:,Post-Hardcore:Art Punk:,raw:energetic:vocals:angry:passionate:rhythmic:introspective:dark:melancholic:pessimistic:sombre:poetic:anxious:melodic:political:atmospheric:misanthropic:dense:eclectic:,38:31
Foo Fighters,Sonic Highways,2014,2.72,2712,Alternative Rock:,Hard Rock:,vocals:energetic:passionate:anthemic:rhythmic:melodic:urban:heavy:warm:introspective:,42:10
Slayer,South of Heaven,1988,3.85,9753,Thrash Metal:,,angry:dark:vocals:death:heavy:energetic:aggressive:infernal:misanthropic:war:ominous:rhythmic:satanic:,36:47
S.O.D.,Speak English or Die,1985,3.65,2698,Crossover Thrash:,Thrash Metal:,humorous:aggressive:satirical:sarcastic:rhythmic:vocals:energetic:heavy:violence:vulgar:,28:36
Cacophony,Speed Metal Symphony,1987,3.37,783,Neoclassical Metal:Heavy Metal:Speed Metal:,,technical:energetic:,45:18
Nujabes,Spiritual State,2011,3.48,2340,Instrumental Hip Hop:Jazz Rap:,Downtempo:,sentimental:mellow:bittersweet:melancholic:lush:sampling:peaceful:spiritual:autumn:,60:16
Lush,Spooky,1992,3.49,2581,Dream Pop:Shoegaze:,Ethereal Wave:,ethereal:love:atmospheric:hypnotic:vocals:breakup:warm:psychedelic:introspective:mellow:soothing:bittersweet:sensual:melodic:fantasy:,48:21
Eli Keszler,Stadium,2018,3.48,987,Avant-Garde Jazz:Electroacoustic:,Ambient:Field Recordings:,warm:atmospheric:mellow:avant-garde:complex:instrumental:meditative:urban:signatures:acoustic:technical:,51:19
OOBE,Stealth,2015,3.3,398,Outsider House:Dub Techno:,,rhythmic:nocturnal:dark:atmospheric:ethereal:urban:instrumental:,
Sylvester,Step II,1978,3.35,305,Disco:Soul:,Electro-Disco:,rhythmic:party:passionate:vocals:energetic:uplifting:urban:lush:vocals:warm:LGBT:,35:08
Tholen,Sternklang,2007,3.5,68,Dark Ambient:Space Ambient:,,space:dark:atmospheric:,71:09
CunninLynguists,Strange Journey Volume Three,2014,3.52,1360,Southern Hip Hop:Boom Bap:,Conscious Hip Hop:,atmospheric:album:lush:space:vocals:fiction:conscious:,50:48
Gwenifer Raymond,Strange Lights Over Garth Mountain,2020,3.62,133,American Primitivism:,,mysterious:instrumental:repetitive:surreal:,44:55
Kyle Dixon,Stranger Things 2,2017,3.52,254,Television Music:Synthwave:,Progressive Electronic:Ambient:Horror Synth:,dark:instrumental:ominous:mysterious:fiction:futuristic:,71:38
Straylight Run,Straylight Run,2004,3.34,410,Indie Pop:Emo-Pop:,Piano Rock:Emo:Chamber Pop:,passionate:melodic:uplifting:bittersweet:,53:11
Destroyer,Streethawk: A Seduction,2001,3.72,2397,Indie Rock:Chamber Pop:,Singer/Songwriter:Glam Rock:,poetic:passionate:philosophical:melodic:vocals:bittersweet:lush:quirky:warm:love:playful:uplifting:,43:55
Benediction,Subconscious Terror,1990,3.19,509,Death Metal:,,rhythmic:introspective:cryptic:heavy:pessimistic:vocals:,38:02
The Selecter,Subculture,2015,3.32,31,2 Tone:,,vocals:vocals:,44:52
múm,Summer Make Good,2004,3.39,1226,Post-Rock:Folktronica:,Indietronica:Ambient:,mellow:calm:vocals:soothing:dense:mysterious:,46:50
Alva Noto + Ryuichi Sakamoto,Summvs,2011,3.36,642,Glitch:Ambient:,Modern Classical:Ambient:Microsound:Lowercase:,calm:,56:41
The Cardigans,Super Extra Gravity,2005,3.38,717,Pop Rock:Indie Pop:,Alternative Rock:,,40:30
SuperHeavy,SuperHeavy,2011,2.53,292,Pop Reggae:,Reggae:Pop Soul:Pop Rock:,,52:56
鈴木亜美 ,Supreme Show,2008,3.31,100,J-Pop:Electropop:Dance-Pop:,Electro House:Nu-Disco:UK Hard House:,repetitive:dense:rhythmic:vocals:,56:02
Pixies,Surfer Rosa,1988,3.95,25231,Indie Rock:Alternative Rock:,Noise Rock:Post-Hardcore:,energetic:raw:humorous:playful:noisy:vocals:vocals:anxious:chaotic:manic:quirky:rebellious:sarcastic:melodic:aggressive:,
The Beach Boys,Surfin' U.S.A,1963,2.85,2969,Surf Rock:Vocal Surf:,Rock &amp; Roll:Doo-Wop:,summer:optimistic:vocals:warm:group:melodic:happy:aquatic:uplifting:,23:26
Sylvan Esso,Sylvan Esso,2014,3.23,831,Electropop:Indietronica:,Alternative R&amp;B:,vocals:rhythmic:mellow:soothing:introspective:melodic:quirky:,38:13
Rhapsody,Symphony of Enchanted Lands,1998,3.61,1876,Power Metal:Symphonic Metal:,Neoclassical Metal:Baroque Music:,fantasy:epic:triumphant:energetic:vocals:anthemic:melodic:album:passionate:medieval:orchestral:optimistic:war:technical:progressive:,56:00
Eesti Filharmoonia Kammerkoor,Te Deum,1993,3.83,872,Modern Classical:Choral:Christian Liturgical Music:,Minimalism:,religious:ethereal:sombre:choral:mellow:,65:54
Sparks,Terminal Jive,1980,3.07,585,Synthpop:,Hi-NRG:,quirky:melodic:,35:55
Gojira,Terra incognita,2001,3.43,2366,Death Metal:Progressive Metal:,Groove Metal:,heavy:vocals:aggressive:angry:rhythmic:political:space:philosophical:nature:dense:meditative:,66:49
Pavement,Terror Twilight,1999,3.57,5084,Indie Rock:,Indie Pop:,mellow:bittersweet:playful:vocals:melancholic:warm:love:lush:abstract:romantic:psychedelic:summer:soft:,44:23
Lil Wayne,Tha Carter V,2018,3.06,4077,Southern Hip Hop:Trap:Pop Rap:,Contemporary R&amp;B:Hardcore Hip Hop:,introspective:vocals:boastful:sentimental:sexual:triumphant:hedonistic:energetic:rhythmic:drugs:urban:longing:melancholic:uplifting:playful:vulgar:sampling:eclectic:,87:52
Sufjan Stevens,The Age of Adz,2010,3.81,13809,Art Pop:Progressive Pop:Indietronica:,Glitch Pop:Folktronica:Chamber Pop:,epic:futuristic:dense:introspective:complex:lush:love:passionate:anxious:vocals:apocalyptic:Christian:existential:melodic:atmospheric:bittersweet:progressive:sentimental:triumphant:melancholic:album:LGBT:chaotic:eclectic:signatures:death:spiritual:anthemic:fiction:,74:49
Glenn Branca,The Ascension,1981,3.92,9458,No Wave:Noise Rock:Totalism:Experimental Rock:,Totalism:Post-Rock:Post-Minimalism:,instrumental:dissonant:suspenseful:noisy:avant-garde:repetitive:rhythmic:apocalyptic:raw:complex:ominous:hypnotic:cold:,42:07
toe,The Book About My Idle Plot on a Vague Anxiety,2005,3.67,4210,Math Rock:Post-Rock:,Midwest Emo:,instrumental:rhythmic:signatures:melodic:calm:melancholic:sentimental:mellow:technical:atmospheric:playful:,38:16
Techno Animal,The Brotherhood of the Bomb,2001,3.68,1804,Industrial Hip Hop:Illbient:Hardcore Hip Hop:Abstract Hip Hop:,Noise:Abstract Hip Hop:Instrumental Hip Hop:Power Noise:,mechanical:noisy:rhythmic:atmospheric:vocals:dark:cold:dense:urban:heavy:aggressive:raw:dissonant:ominous:apocalyptic:futuristic:infernal:nocturnal:surreal:,61:07
Ahab,The Call of the Wretched Sea,2006,3.65,2154,Funeral Doom Metal:,Death Doom Metal:,heavy:aquatic:atmospheric:album:vocals:epic:nature:dense:depressive:lethargic:cold:,67:49
Mr. Oizo,The Church,2014,3.26,505,Electro House:Wonky Techno:,Glitch:Tech House:Fidget House:,sampling:instrumental:humorous:mechanical:rhythmic:quirky:repetitive:noisy:party:playful:aggressive:dissonant:,29:46
Deepchord Presents Echospace,The Coldest Season,2007,3.57,1491,Dub Techno:Ambient Techno:Ambient Dub:,,cold:winter:atmospheric:hypnotic:nocturnal:instrumental:rhythmic:repetitive:calm:mellow:minimalistic:,79:47
David Byrne,The Catherine Wheel,1981,3.68,637,Art Rock:Post-Punk:,Ambient:Afrobeat:New Wave:,rhythmic:abstract:ominous:atmospheric:cryptic:surreal:complex:vocals:sampling:,68:56
Shack,The Corner of Miles and Gil,2006,3.58,166,Folk Pop:Indie Pop:,Folk Rock:,,52:54
Dethklok,The Dethalbum,2007,3.23,1404,Melodic Death Metal:Musical Parody:,Television Music:,dark:vulgar:satirical:aggressive:humorous:hateful:vocals:violence:death:repetitive:,52:15
Converge,The Dusk in Us,2017,3.72,4763,Metalcore:,Post-Hardcore:Mathcore:Sludge Metal:,heavy:dark:introspective:passionate:aggressive:raw:vocals:energetic:dense:technical:existential:noisy:complex:signatures:angry:chaotic:sombre:atmospheric:,43:53
Obituary,The End Complete,1992,3.49,1437,Death Metal:,,death:heavy:rhythmic:vocals:dark:ominous:aggressive:energetic:,36:17
Skeeter Davis,The End of the World,1963,3.4,125,Nashville Sound:,,vocals:love:melodic:longing:melancholic:,
Lostprophets,The Fake Sound of Progress,2000,2.86,815,Nu Metal:,Post-Hardcore:Alternative Rock:,vocals:rhythmic:urban:heavy:passionate:energetic:,52:13
The Chariot,The Fiancée,2007,3.38,490,Metalcore:,Mathcore:,heavy:chaotic:raw:vocals:dissonant:energetic:eclectic:,29:36
The Feelies,The Good Earth,1986,3.63,1679,Jangle Pop:Indie Pop:,,warm:vocals:pastoral:mellow:rhythmic:peaceful:summer:,35:50
The Head and the Heart,The Head and the Heart,2010,3.18,670,Indie Folk:Folk Pop:Americana:,Indie Pop:,melodic:,33:54
W.A.S.P.,The Headless Children,1989,3.83,1807,Heavy Metal:,,political:vocals:dark:melodic:energetic:heavy:war:apocalyptic:rebellious:passionate:anthemic:,49:02
Billy Preston,The Kids &amp; Me,1974,3.19,96,Rhythm &amp; Blues:Soul:,Funk:Pop Soul:,,33:22
The Kilimanjaro Darkjazz Ensemble,The Kilimanjaro Darkjazz Ensemble,2006,3.45,1298,Dark Jazz:Nu Jazz:Downtempo:,Dark Ambient:Trip Hop:,dark:nocturnal:meditative:melancholic:instrumental:atmospheric:,69:07
Sinéad O'Connor,The Lion and the Cobra,1987,3.7,2011,Art Pop:Pop Rock:Singer/Songwriter:,Alternative Rock:Progressive Pop:Art Rock:Jangle Pop:Gothic Rock:Celtic New Age:,passionate:raw:bittersweet:vocals:energetic:epic:triumphant:eclectic:,41:53
Lankum,The Livelong Day,2019,3.63,413,Irish Folk Music:,Drone:,vocals:vocals:folklore:,56:11
Turin Brakes,The Optimist LP,2001,3.43,549,Folk Pop:Indie Folk:Indie Pop:,Folk Rock:,vocals:mellow:melancholic:,51:51
10cc,The Original Soundtrack,1975,3.51,1815,Art Pop:Progressive Pop:Pop Rock:,,vocals:humorous:melodic:sarcastic:quirky:progressive:satirical:playful:,41:47
Bongwater,The Power of Pussy,1991,3.53,479,Alternative Rock:Psychedelic Folk:,Spoken Word:Psychedelic Rock:Satire:,sexual:satirical:raw:psychedelic:playful:vocals:vocals:vulgar:sampling:,51:52
The Stone Roses,The Remixes,2000,2.95,155,Alternative Dance:Neo-Psychedelia:Baggy / Madchester:,,,69:19
Elklink,The Rise of Elklink,1999,2.59,93,Tape Music:Sound Poetry:Musique concrète:,Field Recordings:,,
Children of the Corn,The Single,1995,3.33,309,Memphis Rap:Horrorcore:Southern Hip Hop:,,lo-fi:violence:sampling:dark:vocals:nocturnal:crime:scary:raw:cryptic:disturbing:dissonant:repetitive:lethargic:occult:Halloween:apathetic:,
Death in June,The Snow Bunker Tapes,2013,2.94,400,Neofolk:,,lonely:vocals:acoustic:atmospheric:,56:05
Boris,The Thing Which Solomon Overlooked 2,2006,2.91,442,Drone:Drone Metal:,Noise:Drone Metal:,noisy:dissonant:instrumental:chaotic:,
Queensrÿche,The Warning,1984,3.67,1881,Heavy Metal:US Power Metal:,Progressive Metal:,melodic:energetic:vocals:fiction:album:progressive:anxious:anthemic:epic:passionate:fantasy:,48:06
Spoon,They Want My Soul,2014,3.53,3350,Indie Rock:,Indie Pop:,energetic:melodic:vocals:urban:rhythmic:bittersweet:melancholic:,37:37
LCD Soundsystem,This Is Happening,2010,3.81,15166,Dance-Punk:Indietronica:,Alternative Dance:New Wave:Electro-Disco:New Rave:,rhythmic:sarcastic:energetic:repetitive:vocals:bittersweet:deadpan:quirky:eclectic:nocturnal:uplifting:party:melodic:anthemic:playful:passionate:introspective:humorous:urban:,65:32
DJ Lescalleet,This Is What I Do - Volume 11,2015,3.24,163,Chopped and Screwed:Tape Music:,Plunderphonics:,sampling:lethargic:surreal:psychedelic:mellow:,59:54
Destroyer,This Night,2002,3.51,777,Indie Rock:Chamber Pop:Indie Pop:,Singer/Songwriter:Progressive Pop:,nocturnal:playful:poetic:passionate:,68:01
Anthony Braxton,This Time...,1970,3.17,134,Avant-Garde Jazz:Modern Creative:,Free Improvisation:,avant-garde:improvisation:surreal:,36:23
Machine Head,Through the Ashes of Empires,2003,3.48,2009,Groove Metal:,Thrash Metal:,heavy:aggressive:angry:energetic:dark:,53:28
Tiger Army,Tiger Army,1999,3.31,261,Psychobilly:Punk Rock:,Rockabilly:Country:,,32:33
Tiger Trap,Tiger Trap,1993,3.63,2243,Twee Pop:,Noise Pop:Jangle Pop:,energetic:happy:melodic:romantic:vocals:lo-fi:summer:love:bittersweet:,29:59
Tindersticks,Tindersticks,1993,3.79,3928,Chamber Pop:,Indie Rock:,bittersweet:melancholic:vocals:passionate:melodic:lush:sombre:atmospheric:mellow:autumn:,76:52
Linton Kwesi Johnson,Tings an' Times,1991,3.64,109,Dub Poetry:,Zouk:,,37:16
Edguy,Tinnitus Sanctus,2008,3.09,526,Heavy Metal:Power Metal:,Hard Rock:,rebellious:melodic:,53:37
파란노을 ,To See the Next Part of the Dream,2021,3.7,9736,Shoegaze:Emo:,Noise Pop:Post-Rock:Post-Hardcore:,noisy:melancholic:raw:vocals:introspective:self-hatred:alienation:atmospheric:dense:depressive:longing:sad:ethereal:album:warm:spring:lush:lo-fi:poetic:urban:lonely:nihilistic:anxious:passionate:bittersweet:pessimistic:sentimental:,61:37
Martin Siewert,Too Beautiful to Burn,2003,3.57,393,EAI:,Drone:,instrumental:atmospheric:mysterious:improvisation:avant-garde:sparse:ethereal:warm:,45:02
Transplants,Transplants,2002,3.09,513,Punk Rock:Rap Rock:,Hardcore Punk:Ska Punk:,vocals:aggressive:drugs:,45:13
Schammasch,Triangle,2016,3.53,1077,Black Metal:,Tribal Ambient:Doom Metal:Progressive Metal:Avant-Garde Metal:Death Metal:,occult:dark:spiritual:complex:philosophical:vocals:progressive:atmospheric:tribal:avant-garde:ritualistic:triumphant:poetic:dense:energetic:existential:death:,100:23
Kid Creole &amp; The Coconuts,Tropical Gangsters,1982,3.63,456,Pop:Funk:Disco:,Funk:Latin Disco:,boastful:vocals:vocals:playful:rhythmic:energetic:happy:,39:52
Billy Joel,Turnstiles,1976,3.59,1329,Pop Rock:Piano Rock:Singer/Songwriter:,Progressive Pop:,melodic:melancholic:bittersweet:mellow:sentimental:,36:39
Bathory,Twilight of the Gods,1991,3.66,2673,Viking Metal:,Epic Doom Metal:,epic:pagan:mythology:folklore:vocals:melodic:history:passionate:triumphant:heavy:,56:50
Trixie Mattel,Two Birds,2017,3.06,95,Country:Singer/Songwriter:,Country Pop:Contemporary Folk:Bluegrass:,LGBT:vocals:love:,23:16
Duke,Uingizaji Hewa,2019,3.15,450,Singeli:,Kidumbak:Footwork:,energetic:repetitive:rhythmic:chaotic:manic:sampling:raw:vocals:quirky:vocals:party:anxious:,40:12
Slayer,Undisputed Attitude,1996,2.83,2798,Crossover Thrash:Hardcore Punk:,,aggressive:angry:anarchism:political:vocals:energetic:violence:,33:01
Sinéad O'Connor,Universal Mother,1994,3.49,596,Pop Rock:,Art Pop:Trip Hop:,love:passionate:vocals:political:longing:,52:21
N.A.D.M.A.,Uno zingaro di Atlante con un fiore a New York,1973,3.61,179,Free Jazz:Spiritual Jazz:,Free Improvisation:,anxious:improvisation:spiritual:complex:dissonant:avant-garde:ritualistic:,34:31
Parliament,Up for the Down Stroke,1974,3.59,966,P-Funk:,Psychedelic Soul:,group:sensual:rhythmic:sexual:psychedelic:playful:vocals:,39:47
浦邊雅祥 ,Urklang,2002,3.37,66,Free Improvisation:,,,
Saint Vitus,V,1990,3.63,670,Traditional Doom Metal:Doom Metal:,,heavy:lethargic:,35:52
Wavves,V,2015,2.86,1094,Power Pop:Pop Punk:,Indie Rock:,noisy:energetic:lo-fi:introspective:rebellious:alcohol:breakup:depressive:psychedelic:,
DragonForce,Valley of the Damned,2003,3.0,1609,Power Metal:,,energetic:fantasy:melodic:vocals:technical:epic:uplifting:anthemic:manic:,51:05
Vanilla Fudge,Vanilla Fudge,1967,3.39,1494,Psychedelic Rock:Heavy Psych:,Hard Rock:Progressive Rock:,psychedelic:vocals:melodic:passionate:progressive:,42:41
Visage,Visage,1980,3.48,1171,New Romantic:Synthpop:New Wave:,Post-Punk:,futuristic:nocturnal:cryptic:romantic:mysterious:rhythmic:melancholic:playful:ethereal:,39:04
The Incredible String Band,Wee Tam &amp; The Big Huge,1968,3.72,502,Psychedelic Folk:,Progressive Folk:Chamber Folk:,vocals:pastoral:melodic:mellow:soothing:vocals:existential:peaceful:nature:meditative:medieval:epic:,87:29
Frankie Goes to Hollywood,Welcome to the Pleasuredome,1984,3.48,1800,Synthpop:New Wave:,Pop Rock:Dance-Pop:Progressive Pop:,sexual:hedonistic:party:vocals:energetic:political:LGBT:playful:conscious:,
Viagra Boys,Welfare Jazz,2021,3.17,3440,Post-Punk:Art Punk:,Punk Blues:Dance-Punk:Synth Punk:,raw:manic:energetic:humorous:vocals:noisy:sarcastic:quirky:pessimistic:repetitive:eclectic:drugs:,40:20
Ramin Djawadi,Westworld: Season 1,2016,3.69,236,Television Music:Cinematic Classical:Orchestral:,Ambient:Electronic:Ragtime:Spaghetti Western:Orchestral:,melodic:lush:orchestral:instrumental:theme:,108:56
Filmmaker,Wetwork,2019,3.16,91,Electro-Industrial:Industrial Techno:,Synthwave:EBM:,,31:55
Jérôme Noetinger,What a Wonderful World,2003,3.34,244,EAI:Turntable Music:,Musique concrète:,sparse:warm:,44:03
Minutemen,What Makes a Man Start Fires?,1983,3.65,2736,Post-Hardcore:Post-Punk:Art Punk:,Funk Rock:Hardcore Punk:,rhythmic:signatures:political:energetic:sarcastic:protest:vocals:manic:quirky:playful:raw:melodic:,26:43
Gus Dapperton,Where Polly People Go to Read,2019,2.6,509,Bedroom Pop:Hypnagogic Pop:,Synthpop:Sophisti-Pop:Jangle Pop:Alternative R&amp;B:,love:sentimental:vocals:melodic:playful:passionate:eclectic:nocturnal:quirky:melancholic:,33:18
Nova Twins,Who Are the Girls?,2020,3.3,162,Rap Rock:Industrial Rock:,Synth Punk:Noise Rock:Electroclash:Rap Metal:Punk Rock:,anthemic:rhythmic:vocals:rebellious:noisy:aggressive:angry:,30:22
Tristania,Widow's Weeds,1998,3.69,822,Gothic Metal:,Death Doom Metal:Symphonic Black Metal:Symphonic Metal:,romantic:poetic:vocals:bittersweet:vocals:medieval:sombre:passionate:melancholic:winter:melodic:ethereal:lonely:lush:introspective:atmospheric:choral:,53:23
Flo Rida,Wild Ones,2012,2.18,251,Pop Rap:Dance-Pop:House:,Hip House:Electropop:,energetic:drugs:sampling:alcohol:vocals:party:,34:34
The Crucifucks,Wisconsin,1987,3.62,197,Punk Rock:,Cowpunk:Psychedelic Rock:,misanthropic:energetic:rebellious:hateful:alienation:sarcastic:angry:vocals:noisy:,38:07
Tomasz Stanko New York Quartet,Wisława,2013,3.48,185,ECM Style Jazz:,Modal Jazz:,,100:28
Bruce Springsteen,Working on a Dream,2009,2.96,1698,Pop Rock:Singer/Songwriter:Heartland Rock:Rock:,Folk Rock:,vocals:,51:25
W.E.N.A.,Wyższe dobro,2007,3.37,161,Hip Hop:Boom Bap:,,,
Yellow Magic Orchestra,Yellow Magic Orchestra,1979,3.81,634,Synthpop:,Electro-Disco:Chiptune:Exotica:Synth Funk:,vocals:repetitive:surreal:warm:melodic:minimalistic:mechanical:rhythmic:,36:22
Altın Gün,Yol,2021,3.19,899,Synthpop:,Neo-Psychedelia:Anatolian Rock:,psychedelic:uplifting:warm:vocals:vocals:atmospheric:,40:22
Гражданская оборона ,Здорово и вечно,1989,3.7,806,Noise Rock:Post-Punk:,Hardcore Punk:Experimental Rock:,noisy:depressive:apocalyptic:lo-fi:cryptic:philosophical:vocals:satirical:political:poetic:passionate:existential:misanthropic:anxious:,
Mariah,うたかたの日々 (Utakata no Hibi),1983,3.58,1401,Art Pop:New Wave:,Synthpop:,atmospheric:quirky:cryptic:vocals:vocals:surreal:repetitive:,35:59
矢吹紫帆 ,からだは宇宙のメッセージ The Body Is a Message of the Universe,1987,3.34,229,New Age:Ambient:,,triumphant:surreal:uplifting:melodic:progressive:epic:atmospheric:sparse:ethereal:instrumental:,44:00
椎名林檎 ,勝訴ストリップ (Shōso strip),2000,3.87,3508,Art Pop:J-Rock:,Noise Pop:Art Rock:Progressive Pop:J-Pop:,noisy:vocals:dense:energetic:passionate:playful:melodic:quirky:manic:urban:Sound:romantic:progressive:heavy:chaotic:,55:49
東京事変 ,教育 (Kyōiku),2004,3.7,773,Art Rock:Pop Rock:J-Rock:,Jazz-Rock:Alternative Rock:Noise Pop:,energetic:passionate:noisy:vocals:playful:eclectic:anxious:raw:technical:anthemic:bittersweet:progressive:psychedelic:,42:07
